City,Community,Pincode,Active Registrations,Lat,Lon,,March-2024,April-2024,May-2024,June-2024,July-2024,August-2024,September-2024,October-2024,November-2024,December-2024,January-2025,February-2025,March-2025,April-2025,May-2025,June-2025,July-2025,August-2025,March-2024,April-2024,May-2024,June-2024,July-2024,August-2024,September-2024,October-2024,November-2024,December-2024,January-2025,February-2025,March-2025,April-2025,May-2025,June-2025,July-2025,August-2025
Bangalore,C0012,560066,571,12.9643795,77.739898,,5249.2,5646.7,6057.1,5560.2,6567.7,7362.1,5615.6,7941.8,6048.9,5475.1,6616.1,5243.7,5736.5,6514.9,6508.8,5965.9,6555,5323.3,60,53,34,31,41,31,38,31,31,31,31,31,28,25,19,20,18,22
Bangalore,C0013,560094,394,13.0447786,77.5717251,,4583.3,4237.1,4453.1,4606.4,5512.3,5641.6,4686.2,5428.9,5344.6,5186.9,4887.3,4072.8,4292,4908.9,4742.8,4275.7,4903.7,4924.1,25,29,50,58,55,52,50,50,56,54,54,52,58,51,41,43,42,47
Bangalore,C0014,560077,1193,13.0629241,77.6605564,,4790.8,4777.8,4670.8,4459.4,5073.5,5809.4,4880.2,5351,4588.6,4833.3,4850.4,4198.3,5152,3941.3,4837.6,4744.9,4522.6,4368.1,56,56,57,63,7,50,60,64,59,63,65,61,62,64,59,57,59,60
Bangalore,C0015,560097,399,13.066254,77.57672,,241.3758929,252.6042614,2643.3,2363.5,3601.9,3351.4,2816.8,3761.8,2739.7,2429.2,3063.4,2567.8,2675.2,3196.3,2620.4,3020.6,3507.4,3225.9,0,0,39,28,22,28,17,33,22,33,17,28,33,39,22,20,22,27
Bangalore,C0016,560061,323,12.8870638,77.5433122,,1650.3,2086.1,1825.6,1767.3,2284.2,2004.3,2213.2,1966.3,1955.8,2279.9,1957.8,1713.8,2353.5,1815.8,1943.4,2689.5,2175.4,2088.6,43,37,39,28,22,28,17,33,22,33,17,28,33,39,22,24,22,28
Bangalore,C0017,560024,188,13.0354681,77.5923048,,964.4,1138.4,970,1163.6,1528.5,1288.7,1199.1,1843.4,1406.6,1488.9,1329.4,1165.3,1098.6,1376.4,1129.2,1265.4,1669.9,1224.7,56,56,57,63,7,50,60,64,59,63,65,61,62,64,59,61,60,61
Bangalore,C0018,560024,302,13.0497788,77.6086959,,919,676,971.4,910.4,888.5,1277.4,863.9,885.9,1059.3,763.6,1072.8,844.8,892.1,871.8,1071.7,858.7,766.6,1035.4,37,38,57,48,48,39,61,46,54,54,58,58,64,54,39,37,39,47
Bangalore,C0019,560066,139,12.981058,77.728761,,241.3758929,180,141.8,179.3,169.1,281.9,185.5,179.9,499.5,513.7,518.3,518.4,613.5,491.6,587,356.7,305.9,654.5,71,61,38,65,29,64,66,67,67,63,60,60,63,58,52,54,52,56
Bangalore,C0020,560062,123,12.8873185,77.5780751,,494.3,595.8,433,480.3,672.8,600.8,662.8,516.4,482.3,563.1,490.2,408,553.6,468,413.9,638.7,453.9,502.9,28,44,33,37,32,36,36,27,29,26,26,23,27,27,21,19,21,23
Bangalore,C0021,560099,78,12.829488,77.708382,,241.3758929,52.5,36.4,79.7,55.6,55,43.5,76.2,125.3,210.5,301.3,327.9,406.8,564.5,463.8,356.6,455.5,354.5,56,56,57,63,7,50,60,64,59,63,65,61,62,64,59,60,58,61
Bangalore,C0022,560091,86,12.974727,77.5107303,,322.4,321.9,417.4,304.6,399.7,415.1,303.6,385.6,290.7,273.9,350.1,224.7,289.6,338.6,285.2,266.9,360.8,336.9,37,38,57,48,48,39,61,46,54,54,58,58,64,54,39,37,39,47
Bangalore,C0023,560076,83,12.8795082,77.6121182,,348.6,461.6,314.9,348.6,527.7,420.4,415.2,362.1,312.4,355.7,352,459.3,455.6,346,286.8,419.3,339.8,315.8,37,38,57,48,48,39,61,46,54,54,58,58,64,54,39,37,39,47
Bangalore,C0024,560037,99,12.9664795,77.7133325,,214.3,208,303.1,245.5,223.9,349.5,249.2,271.4,284.1,291.6,259.1,216.3,361.5,325.6,317.8,243.8,222.8,267.2,43,37,39,28,22,28,17,33,22,33,17,28,33,39,22,20,22,27
Bangalore,C0025,560098,87,12.9155549,77.5029076,,300.9,374.3,289.5,255.6,358.6,328.4,359.4,268.2,273.9,299,234.5,210.8,276.6,202.7,201.6,293.5,225.1,251.3,37,38,57,48,48,39,61,46,54,54,58,58,64,54,39,37,39,47
Bangalore,C0026,560056,85,12.9689135,77.4952692,,251,242.1,314.8,266.1,328.8,238.5,224.5,360.7,243.9,243.9,344.6,241.5,261.3,356.4,313.1,271.3,282,208.2,28,44,33,37,32,36,36,27,29,26,26,23,27,27,21,22,20,23
Bangalore,C0027,560100,49,12.8492,77.650578,,244.4,139.4,161.7,272.4,269.7,193.8,146.1,208.5,115,104.1,57.7,76,94.2,113.9,95.5,121.5,169.6,202.4,44,43,19,19,19,19,19,19,19,19,13,19,13,19,13,15,13,15
Bangalore,C0028,560043,73,13.0411939,77.6398913,,198.2,182.3,224,174.6,260.9,255.8,146.3,164.2,213.6,184,217.4,159.5,167.3,141.4,274.6,162.5,167.8,200.7,71,61,38,65,29,64,66,67,67,63,60,60,63,58,52,50,52,55
Bangalore,C0029,560066,63,12.981297,77.729849,,241.3758929,16.2,25.2,47.2,40.1,60.7,53.2,43,143.3,154.6,106.4,159.9,163.4,107.4,165,124.7,131.2,183.2,0,56,57,63,7,50,60,64,59,63,65,61,62,64,59,57,59,60
Bangalore,C0030,560035,34,12.8997749,77.6725449,,208.1,240.4,177,208.2,281,227.4,239.7,190.5,242.8,229.3,161.7,207.2,255.5,186.6,222.4,258.8,171.2,165.9,28,44,33,37,32,36,36,27,29,26,26,23,27,27,21,23,21,24
Bangalore,C0031,560084,29,13.0031678,77.6228252,,133.1,154.4,236.7,164.4,165,246.6,184.8,263.5,171.7,247.1,255.9,197.8,157,171.9,239.1,153.2,310.9,160.8,28,44,33,37,32,36,36,27,29,26,26,23,27,27,21,23,21,24
Bangalore,C0032,560060,64,12.9157598,77.4859897,,133.6,203.4,131,166.7,211.5,161.5,149.8,148.7,125.4,189.1,123,116.1,159.2,113.6,142.7,169.6,128.1,142.4,30,27,19,19,19,19,19,19,19,19,13,19,13,19,13,14,12,14
Bangalore,C0033,560082,41,12.8543147,77.5099453,,184,208.2,201.2,174.6,199.1,161.8,221.6,161.8,168,191,125,140.2,268.6,130,172.7,261.3,168.3,124.7,71,61,38,65,29,64,66,67,67,63,60,60,63,58,52,50,52,55
Bangalore,C0034,560062,45,12.8921581,77.5647927,,135.2,120.6,93.5,122.7,169.5,154.4,158.1,152.7,93.3,107.8,131,100.8,132.6,105.7,97.4,158.3,129.2,118.9,32,32,53,58,51,53,55,53,51,55,29,31,27,31,35,33,35,32
Bangalore,C0035,560103,91,12.9577519,77.6566695,,178.1,198.4,145,177.6,261.1,192.5,205.8,196.5,184.3,247,170.5,175.4,213.8,153.7,139.4,155,96.9,100.9,36,36,46,46,46,44,43,43,43,42,42,43,40,42,37,35,37,38
Bangalore,C0036,560075,65,12.975405,77.665324,,93.9,104.9,98.4,80.6,70.3,112,90,111.4,95,98.4,113.4,86.1,82.2,87.1,84.8,69.2,92.5,100.1,71,61,39,28,22,28,17,33,22,33,17,28,33,39,22,20,22,27
Bangalore,C0037,560077,26,13.05559,77.666821,,241.3758929,252.6042614,,115.3,135.5,179.2,120.1,160.6,126.1,134.1,161.5,117.5,97.2,97.4,122.1,123.4,127.7,86.4,0,0,0,45,44,44,42,43,43,41,38,41,38,41,42,43,42,41
Bangalore,C0038,560018,18,12.957458,77.563882,,89.5,71.1,111.6,101.5,107.1,74.2,67.2,91.5,117.6,81.7,99,80,89.2,107.2,76.2,85.2,157.4,85.3,37,38,57,48,48,39,61,46,54,54,58,58,64,54,39,37,39,47
Bangalore,C0039,560091,37,12.9815799,77.5268296,,98.9,73,107.9,88.6,88,126.6,55.9,72,64.1,49.1,75.6,88.7,62.6,96.3,86.1,52.3,91.8,62.9,71,61,38,65,29,64,66,67,67,63,60,60,63,58,52,50,52,55
Bangalore,C0040,560100,16,12.861416,77.6602721,,52.9,16.7,27,25,56.6,78.9,59.6,60.3,55.5,74.3,58.1,53,50.6,108.6,79.5,56.9,73.5,49.5,28,44,33,37,32,36,36,27,29,26,26,23,27,27,21,19,21,23
Bangalore,C0041,560068,11,12.9121181,77.6445548,,36.5,37,54.4,38.8,73.4,28.4,33.8,38,6.7,43.6,38.5,36.6,73.3,53.4,31.4,40,34.9,37.7,60,53,34,31,41,31,38,31,31,31,31,31,28,25,19,21,19,22
Bangalore,C0042,560048,28,12.9797157,77.7116579,,35.2,23,33.6,27.6,37.6,53.3,34.7,37.7,65.8,63.3,149.6,83.2,142.6,41.2,53.8,19.2,51.1,36.9,60,53,34,31,41,31,38,31,31,31,31,31,28,25,19,17,19,22
Bangalore,C0043,560035,15,12.8983407,77.6728425,,34.4,42.7,17.8,43.7,34.3,14.7,32.3,33.7,14,27.3,35.7,22.1,32.8,28.9,32.5,27.5,34.3,19.5,28,44,33,37,32,36,36,27,29,26,26,23,27,27,21,22,20,23
Bangalore,C0044,560017,59,12.9591187,77.6516483,,67.3,43.5,61.6,45.2,42.8,42,45.7,40.8,101.8,5.3,76.2,63.2,27.1,44,47.8,43.7,54.9,18.9,28,44,33,37,32,36,36,27,29,26,26,23,27,27,21,23,21,24
Chennai,C0045,600127,1854,12.8362127,80.1718126,,1912.1,2276.8,3110.7,2677.8,2954.7,4483.8,3940.3,5266,4261.9,4612,4859.7,4120.5,4218.5,5284.4,3554.1,4194.8,5591.2,5442.5,71,61,38,65,29,64,66,67,67,63,60,60,63,58,52,53,51,55
Chennai,C0046,600010,377,13.0881494,80.250468,,262.4,179.5,201,305.8,303.2,437.4,337.7,392.3,365.4,385.3,340.2,361.7,400.9,306.9,398.3,436.6,592.9,797.2,60,53,34,31,41,31,38,31,31,31,31,31,28,25,19,21,20,23
Chennai,C0047,600131,169,12.8905501,80.2030599,,241.3758929,252.6042614,,,,,,,,,,,,,,,951.9,705.6,0,0,0,0,0,0,0,0,0,0,0,0,0,0,0,0,40,40
Chennai,C0048,600130,132,12.8687935,80.1970374,,354,323,396.3,396.9,383.9,489.8,383.7,458.1,562.5,416,663.3,412.9,456.8,390.2,500.2,540.5,619.1,477.3,37,38,57,48,48,39,61,46,54,54,58,58,64,54,39,41,39,47
Chennai,C0049,600004,109,13.0367914,80.2676303,,341.7,510.3,331.6,327,446.3,358.1,367.7,524.2,390.2,514.9,376.9,354.8,403.8,495.9,355.5,362.5,469.9,476,43,37,39,28,22,28,17,33,22,33,17,28,33,39,22,24,23,28
Chennai,C0050,600028,157,13.0243119,80.2615779,,84.3,85.2,72.5,87.1,166.5,174.4,172.6,335.3,240.3,289.2,231,238,212.2,270,229.1,572.3,632.8,449.6,28,44,33,37,32,36,36,27,29,26,26,23,27,27,21,22,21,24
Chennai,C0051,600100,142,12.9302586,80.1900947,,265,370.7,438,374.2,358,514.4,406.7,416.9,521.7,417.6,553.1,330.3,418.2,389.1,451.4,384.1,524.8,389.7,28,44,33,37,32,36,36,27,29,26,26,23,27,27,21,19,21,23
Chennai,C0052,600116,172,13.0439218,80.1574825,,302.6,334.9,474.2,331.8,369.4,320,351.2,380,296.8,331.1,419.8,333.1,303,465.2,305,435.3,562.1,311.2,62,62,45,47,53,49,53,56,44,42,47,49,51,47,40,38,40,43
Chennai,C0053,600010,74,13.0828318,80.2417105,,221.2,190,228.3,228.8,184,280.1,215.1,191.7,235.9,206.7,157.7,167.5,234.8,213.6,250.5,217.9,189,302.4,37,38,57,48,48,39,61,46,54,54,58,58,64,54,39,41,39,47
Chennai,C0054,600034,48,13.0569467,80.242469,,180.8,263.1,238.7,203,207.7,336.4,246.6,231.1,296.1,309.3,326.3,254,255,215.5,312.1,216.7,239.5,294.3,37,38,57,48,48,39,61,46,54,54,58,58,64,54,39,37,39,47
Chennai,C0055,600100,145,12.9265969,80.1946406,,207.7,212,230.9,246.7,237.7,307.2,206.8,216.7,361.5,265.5,401.4,280.8,280.2,308.8,356.7,323.2,389.6,292.5,71,61,39,28,22,28,17,33,22,33,17,28,33,39,22,24,22,28
Chennai,C0056,600131,140,12.8905501,80.2030599,,297.3,224,315.4,290,371.1,499.3,465.7,517.1,722.9,727.7,942.8,724.8,808,958.1,918.3,1043.6,358.7,278.2,62,62,45,47,53,49,53,56,44,42,47,49,51,47,40,38,40,43
Chennai,C0057,600010,154,13.0416096,80.1313437,,389,502.9,480.3,465.5,585,372.3,393.4,513.9,397.5,389.2,454.6,322.5,334.4,448.2,381.5,364,502.7,263.4,37,38,57,48,48,39,61,46,54,54,58,58,64,54,39,40,38,47
Chennai,C0058,600100,61,12.9238698,80.1859346,,194,197.2,234.6,208.7,199.1,208.1,173.9,170.9,252.8,184,289.4,228,249.9,235.7,236.3,223.5,307.9,230.7,62,62,45,47,53,49,53,56,44,42,47,49,51,47,40,42,41,44
Chennai,C0059,600100,120,12.934254,80.190989,,241.3758929,252.6042614,,,,245.6,258.9,223.7,418.2,275.3,327.5,250.4,251.2,239.9,233.2,239.1,264.7,225.2,0,0,0,0,0,39,61,46,54,54,58,58,64,54,39,40,38,47
Chennai,C0060,600034,62,13.0576116,80.2345444,,151.7,211.1,217.5,161.1,150.2,191.3,165.9,152.7,208.5,218.4,187.5,159,142.3,154.8,220.2,192.4,144.5,220.3,37,38,57,48,48,39,61,46,54,54,58,58,64,54,39,40,39,47
Chennai,C0061,600122,163,13.013405,80.135082,,241.3758929,46.5,241.8,257.2,332,236,280.4,224,308.9,296.8,226.7,184.5,144.5,147.5,212.6,243.6,177.9,212.3,56,56,57,63,7,50,60,64,59,63,65,61,62,64,59,57,59,60
Chennai,C0062,600041,132,12.9631951,80.2565244,,192.5,212.3,256.4,180.5,198.4,241.9,241.2,214.6,249.4,230.8,269.2,249.1,259.1,171.6,183.7,205.5,161.5,196.5,28,44,33,37,32,36,36,27,29,26,26,23,27,27,21,19,21,23
Chennai,C0063,600100,78,12.9263337,80.1890216,,172.8,156.5,199.1,181.3,182.7,222.1,224.7,168,252,175,211.5,158,164.8,214.2,203.8,208.8,248.4,183.8,56,56,57,63,7,50,60,64,59,63,65,61,62,64,59,61,59,61
Chennai,C0064,600044,134,12.9532159,80.1633967,,262.8,263.1,345.8,307.9,303.8,344.9,287.6,287.1,361.5,311.1,381.6,318.6,248.1,310.3,307.8,275,307,179.9,71,61,38,65,29,64,66,67,67,63,60,60,63,58,52,50,52,55
Chennai,C0065,600100,59,12.92617,80.189287,,241.3758929,252.6042614,,,0,137.7,135.9,86.1,146.4,152.6,258.8,132.3,177.4,162.6,138.7,188,220.3,166.5,0,0,0,0,0,18,16,20,16,23,49,49,49,51,51,49,51,50
Chennai,C0066,600010,34,13.0761027,80.2345437,,75.7,56.3,42.6,67.3,45.2,72.6,68.4,113.1,168.2,265.2,220.3,164.6,217.9,194.4,166.4,151.2,96.2,162.7,33,37,33,33,0,33,33,33,33,33,33,33,33,33,33,35,33,33
Chennai,C0067,600017,39,13.0123421,80.2697653,,145,128.4,164.4,115.1,147.2,187,151.4,117.5,151.8,159.3,133.3,118.2,171,118.2,114.5,201.6,159.4,155.1,17,14,50,50,50,50,25,50,50,50,25,25,25,25,50,48,50,40
Chennai,C0068,600056,177,13.0359494,80.1182571,,122.8,127.4,134.1,198.4,123.2,160.6,129,170.4,114.9,142.6,175,133.1,109.1,154,157,141.2,229,150.7,38,50,0,0,0,0,0,0,0,0,0,0,0,0,0,0,0,0
Chennai,C0069,600010,15,13.0817523,80.2342765,,93.3,34.1,27.7,39.4,61.4,61.4,47.5,65.5,57.1,50,46.3,80.5,103.2,69.4,78.9,61.7,67.6,106.9,37,38,57,48,48,39,61,46,54,54,58,58,64,54,39,40,39,47
Chennai,C0070,600100,40,12.9481825,80.2035981,,108.8,93.9,70.1,96,88.4,86.7,53.5,117.1,83.9,60.2,79.2,58.2,78.3,57.6,64.3,63,114.1,99.1,43,37,39,28,22,28,17,33,22,33,17,28,33,39,22,24,23,28
Chennai,C0071,600031,14,13.071373,80.2416576,,46.8,79.7,59.5,57.7,48.3,85.7,70.1,54.7,85,92.9,97.9,75,72.6,44.5,90.7,79.3,80,91.4,37,38,57,48,48,39,61,46,54,54,58,58,64,54,39,37,39,47
Chennai,C0072,600078,45,13.0373806,80.1961564,,108.3,162.5,155.8,122,157.9,96.9,120,102.3,124.1,136.6,103.9,76.5,113.3,116.3,89.6,132.2,82.7,89.2,69,67,88,87,89,87,85,85,87,87,54,54,56,52,55,56,55,55
Chennai,C0073,600085,63,13.0192471,80.2466955,,93.3,125.5,138.7,113.2,152.2,116.1,185.9,134.1,137.6,151.2,138.9,123.9,143.9,77.3,74,102.6,64.3,81.9,45,48,52,44,51,52,54,52,48,51,52,42,48,47,47,45,47,47
Chennai,C0074,600100,29,12.9344514,80.186017,,59.3,92.2,121.1,72.5,71.2,113,62.9,87.9,92.4,63.5,107.1,67,61.7,66.3,91.9,73.5,87.8,76.2,60,53,34,31,41,31,38,31,31,31,31,31,28,25,19,17,19,22
Chennai,C0075,600100,22,12.92985,80.187591,,0,68.1,84.3,66,80.9,69.4,67.7,127.8,117.8,126.4,114.3,70.2,92.7,102.9,99.9,118.7,112.5,73.4,0,53,34,31,41,31,38,31,31,31,31,31,28,25,19,17,19,22
Chennai,C0076,600017,19,13.032056,80.2316191,,40.7,53.3,33.4,52.4,32.6,35.9,22.5,25.7,29.2,40.9,39.2,22.5,40.6,34.1,32.5,61.4,32.7,57.6,71,61,39,28,22,28,17,33,22,33,17,28,33,39,22,20,22,27
Chennai,C0077,600100,47,12.9306839,80.1876263,,80.9,55.8,91.6,76.2,57,65.7,52.6,78.7,71.1,49.7,76.1,56.9,57.5,51.1,52.3,85.6,64,55.2,37,38,57,48,48,39,61,46,54,54,58,58,64,54,39,37,39,47
Chennai,C0078,600125,49,13.0169775,80.1747336,,107.3,111.3,119.2,127.3,96.1,92.6,90.1,64.4,62.9,58.8,67.8,57,58.6,111.7,70.3,60.9,63.4,45.3,62,62,45,47,53,49,53,56,44,42,47,49,51,47,40,41,39,44
Chennai,C0079,600100,10,12.9286233,80.1872425,,35.3,36.6,68.8,37.8,38.8,49.2,28.9,38.8,37.9,41.7,56.4,35,38.2,42.5,20.6,45.7,44.4,33.5,56,56,57,63,7,50,60,64,59,63,65,61,62,64,59,57,59,60
Chennai,C0080,600006,11,13.0589648,80.2472479,,10.5,15.1,14.5,5.7,28,33.3,24.2,20.8,26,18.9,26.3,32.4,15.7,16.5,32.9,14.9,16.8,32.5,71,61,38,65,29,64,66,67,67,63,60,60,63,58,52,50,52,55
Chennai,C0081,600100,26,12.9329371,80.1885052,,61.8,48.7,80.2,91.3,62.4,63.2,36.5,38.2,53.1,46.2,49.7,51.8,46,44.6,63.4,57.3,64.7,29.8,62,62,45,47,53,49,53,56,44,42,47,49,51,47,40,42,40,44
Chennai,C0082,600100,6,12.9233222,80.1856695,,27.5,18.9,15.6,33.7,17.2,30.5,14.9,33.4,20.8,27,24.3,22.5,15.9,29.7,34,24.5,17.6,29.6,43,37,39,28,22,28,17,33,22,33,17,28,33,39,22,20,22,27
Chennai,C0083,600028,14,13.0294068,80.2463492,,29.9,63.1,24.9,37.2,56.5,39.8,40.6,27.5,35.4,32,28.9,32.6,35.8,35.2,30.3,25.3,65.9,28.9,43,37,39,28,22,28,17,33,22,33,17,28,33,39,22,23,21,28
Chennai,C0084,600107,39,13.0648085,80.20773,,40.4,30.6,20.6,17.8,26.3,45.9,36.2,23.3,22.3,30.8,25.9,16.6,34.1,21.3,15.1,42.8,23.2,20.7,37,38,57,48,48,39,61,46,54,54,58,58,64,54,39,41,39,47
Chennai,C0085,600093,7,13.0410013,80.1993919,,8.6,8.5,9.9,11.3,8,52.5,40.5,26.2,42.4,21.8,25.8,15.3,28.4,19,13.7,21.5,15,20.5,62,62,24,46,45,26,28,33,28,30,32,28,28,32,30,30,29,30
Chennai,C0086,600004,4,13.0451732,80.2727809,,15.4,18.4,27.1,18.8,22.9,11,16.7,15.2,17.3,20.6,14.8,17.6,17.2,22.6,17.9,18.8,19.8,18.9,44,43,53,51,48,48,48,44,46,42,38,38,40,47,29,27,29,34
Chennai,C0087,600041,9,12.9583928,80.2573349,,19.6,18.4,38.4,14.1,24.5,52.8,37.6,18.8,30.5,30,30,18.2,31.5,23.3,21.7,27,31.7,18.5,62,62,45,47,53,49,53,56,44,42,47,49,51,47,40,42,41,44
Chennai,C0088,600125,22,12.9991288,80.2082887,,40,21.5,29.1,28.8,25.5,25,50.1,45.8,20.7,33.2,66.5,40.9,50.2,64.6,43.7,57.3,40.1,13.6,71,61,38,65,29,64,66,67,67,63,60,60,63,58,52,54,52,56
Chennai,C0089,600015,5,13.0228853,80.2231987,,26,12.3,10.6,22.4,21.9,5.9,14.1,12.7,8.2,19.3,7.9,10.5,9.1,13.2,2.3,13.8,6.5,12.5,16,15,12,11,14,13,16,15,15,15,16,16,15,15,15,16,15,15
Chennai,C0090,600041,1,12.9830269,80.2594001,,6.1,6.4,13,6.4,7.1,5,6.3,8.5,6.4,10.8,12,5.3,9.3,7.3,3.6,12.9,6.8,12.2,32,32,17,22,18,18,16,20,16,23,49,49,49,51,51,49,51,50
Chennai,C0091,600125,1,13.0129745,80.1735565,,22.6,13.6,3.6,0,16.4,12.8,16.8,15.6,11.8,13.9,16.9,12.8,19.3,21.4,12.5,14.7,20.5,12,38,50,55,0,48,52,44,48,52,49,45,47,47,42,43,44,42,44
Chennai,C0092,600094,9,13.0655622,80.2241114,,24.9,20.9,25.6,20.7,42.7,36.9,26.8,17.8,53.6,35.1,32.5,25.7,22.2,40.6,30.7,22.3,19.4,10.9,37,38,57,48,48,39,61,46,54,54,58,58,64,54,39,37,39,47
Chennai,C0093,600125,3,13.0197105,80.1736304,,5,5.2,6.6,8.1,6.8,8.2,5.9,14,6.1,7.2,8.6,5.2,8.2,9.2,0,7.2,10.1,5.5,56,63,58,53,53,56,63,58,58,49,49,49,49,51,0,53,51,51
Chennai,C0094,600095,4,13.0443866,80.1563964,,11.8,7,5,13.1,5.8,4.7,9.4,7.3,6.6,6.8,8.2,4.8,4.9,10.5,2.9,6.6,5.8,3.6,56,58,53,58,51,53,55,53,51,55,54,54,56,52,55,53,55,54
Delhi,C0095,122002,214,28.4027727,77.0888092,,1158.1,1480.9,1120.1,962.6,1381.9,980.5,1426.9,1208.6,1238.4,1298.7,999.8,953.7,1181.3,1117,1067.5,1229.7,1242.9,1387.3,71,61,38,65,29,64,66,67,67,63,60,60,63,58,52,50,52,55
Delhi,C0096,201304,158,28.5181978,77.3830433,,743.7,776.3,592.7,496.7,798.3,676.1,701.4,924.6,700.2,840.4,642.9,742.7,671.1,937.1,634,676.5,806.5,699.8,28,44,33,37,32,36,36,27,29,26,26,23,27,27,21,22,20,23
Delhi,C0097,122017,89,28.5130406,77.0038837,,1.8,6.3,7.2,21.3,28.7,46.5,320.9,511.9,661.3,407.2,661.5,452.1,442.6,503.9,607.4,484.5,569.8,692.4,25,29,50,58,55,52,50,50,56,54,54,52,58,51,41,42,40,46
Delhi,C0098,122017,203,28.509434,77.005841,,241.3758929,252.6042614,15.4,25,28.2,62.8,224.9,426.8,769.7,562.5,628.6,543.3,539,530.7,714.7,567.2,739.8,580.1,0,0,38,65,29,64,66,67,67,63,60,60,63,58,52,50,52,55
Delhi,C0099,201304,151,28.5157994,77.38642,,493,489.9,619.9,471.1,594.4,666.2,551.1,722,626.7,552.9,591.1,493.4,529,456.7,612.4,506.9,691.8,569.9,56,56,57,63,7,50,60,64,59,63,65,61,62,64,59,57,59,60
Delhi,C0100,122002,83,28.4408776,77.1006731,,334,373.8,245.2,241.8,442.7,351.1,484.6,480.2,476.9,589.3,468.9,481.2,548.6,615.7,505.8,467.2,722.2,524.1,25,29,50,58,55,52,50,50,56,54,54,52,58,51,41,39,41,46
Delhi,C0101,122001,121,28.4316052,77.0356399,,548.6,402.4,428.1,476.4,423.6,596.4,425.6,608,580.1,414.3,524.9,522.3,605.4,437.7,596.2,418.4,516.5,504.6,43,37,39,28,22,28,17,33,22,33,17,28,33,39,22,23,21,28
Delhi,C0102,122018,100,28.4141482,77.0470916,,703,453.3,534.7,495.9,448.7,576.2,471.7,489.3,628.5,370.2,362.2,402,559.9,375.5,543.6,430.8,434.9,488.3,60,53,34,31,41,31,38,31,31,31,31,31,28,25,19,17,19,22
Delhi,C0103,201301,112,28.5827178,77.3482352,,264,263.6,416.6,244,257.1,250.2,328.3,506.4,343.9,390.6,370.5,239.2,319.7,260.4,432.9,265.3,305.3,349.5,43,37,39,28,22,28,17,33,22,33,17,28,33,39,22,20,22,27
Delhi,C0104,121009,104,28.49473,77.290657,,240.4,173,246.8,245.4,179.6,266.1,259.9,276.6,346.8,215.6,209.1,320.4,383,317.2,333.7,240.5,267.1,331.7,60,53,34,31,41,31,38,31,31,31,31,31,28,25,19,21,20,23
Delhi,C0105,110065,61,28.5612143,77.2525894,,263.8,185.1,295.9,204.6,221.2,269.2,239.4,426.8,286.5,285.6,390.3,241.4,319.5,451.9,279.3,294.8,437,322.1,56,56,57,63,7,50,60,64,59,63,65,61,62,64,59,61,59,61
Delhi,C0106,122018,66,28.3500883,77.0655406,,177.2,147.8,203.9,112.8,194.6,175.1,156.5,197.1,174.5,216.8,176.5,193.5,158.5,250,174.6,137.4,272.4,271.1,62,62,45,47,53,49,53,56,44,42,47,49,51,47,40,41,39,44
Delhi,C0107,201304,64,28.5455068,77.3758673,,257.2,261.8,231.6,172.5,273.9,147.2,396.4,302.4,234.7,264.1,208.4,205.1,417.7,258.3,253.8,358.1,248.4,267.8,56,56,57,63,7,50,60,64,59,63,65,61,62,64,59,57,59,60
Delhi,C0108,122017,28,28.514187,77.0044725,,122.7,85.1,134.6,135.9,95.9,135.2,136.4,159.2,193,108,162.4,136.4,160.9,147.5,207,148.9,187.6,236.2,28,44,33,37,32,36,36,27,29,26,26,23,27,27,21,19,21,23
Delhi,C0109,110075,34,28.560314,77.054465,,241.3758929,252.6042614,191.2,156.7,157.7,161.1,192.9,194.2,160.7,132.1,183.6,138.7,117.4,122.2,144.1,105.9,174.5,203.7,0,0,47,45,44,44,42,43,43,41,38,41,38,41,42,43,42,41
Delhi,C0110,110021,61,28.5744821,77.1635927,,228.1,216.5,192.1,143.1,193,171.5,147.6,214.6,193.6,155.8,224.2,165,178.5,219.7,183.3,165.3,348.3,195.4,25,29,50,58,55,52,50,50,56,54,54,52,58,51,41,39,41,46
Delhi,C0111,110092,96,28.6099645,77.2724079,,202.6,182.9,220.8,175.4,185.5,173.7,162.5,187.1,129.6,132.6,152.4,153.4,139.2,162.2,176.9,136.3,234.1,170.1,25,25,43,42,42,42,45,41,46,48,46,48,49,46,46,47,45,47
Delhi,C0112,110064,49,28.6314695,77.1186733,,152.9,89.7,182.7,137,126,144.6,105.3,94.6,190.4,99.7,100.3,86.2,91.4,69.7,115.3,83.6,114.1,163.4,56,63,40,33,33,28,35,33,30,33,30,33,30,30,25,26,24,27
Delhi,C0113,201304,28,28.5230395,77.3563102,,86.1,115.6,98.7,69.9,88.3,83.6,73.5,162.3,128.1,115.5,104.8,106.5,143.1,165.3,140.6,129.1,185.6,143.5,32,32,53,58,51,53,55,53,51,55,38,76,52,76,34,36,34,47
Delhi,C0114,201304,48,28.5313278,77.3891427,,140.3,212.9,134.4,95.5,112.9,173.8,156.5,288,184.4,116.1,98.3,108.3,162.1,183.4,130.8,88.9,107.3,132.1,16,15,43,43,43,43,33,44,44,44,44,44,44,44,44,42,44,44
Delhi,C0115,110007,31,28.6888676,77.2148112,,125.1,121.3,102.5,133.4,104.2,190.6,123.2,109.8,131.1,121.4,169.9,100.8,139.1,83.2,108.7,92.4,196,128.7,87,87,17,22,18,18,16,20,16,23,28,31,27,29,28,30,28,28
Delhi,C0116,122006,27,28.4774824,76.9862677,,88,71.4,88.1,53.3,74.8,158.6,42.7,92.7,61,60.7,75.1,46.9,80.8,43.3,87.4,69.2,78.2,128.5,28,44,33,37,32,36,36,27,29,26,26,23,27,27,21,22,20,23
Delhi,C0117,201301,36,28.5944182,77.3673215,,144.8,120.5,96.1,116.1,98.1,150.9,140.9,161.4,189.6,113.9,115.2,110.9,156.4,108.9,159.8,137.5,108.8,123.6,33,33,33,33,33,33,33,33,33,33,33,33,33,33,33,31,33,33
Delhi,C0118,122018,28,28.403234,77.0456181,,71.5,53.6,65.6,31.7,122.9,53.5,71.1,182.2,128.9,131.2,109,132,136.7,154.2,122.7,130.4,158.5,105.2,41,41,29,29,31,26,29,26,30,27,30,26,24,24,26,28,26,26
Delhi,C0119,110092,18,28.650218,77.3027059,,106.8,55.6,87.4,43.4,83.6,113,66.7,56.6,64.1,50.4,71.7,56.2,140.2,85.2,89.4,75.6,95.9,99.9,56,56,57,63,7,50,60,64,59,63,65,61,62,64,59,61,59,61
Delhi,C0120,110075,15,28.5822999,77.0499762,,68.7,58.9,57.5,37,48.9,75.8,58.6,68.4,67.6,35.9,68.2,61.2,56,54.8,49.5,48,60.1,91.8,37,38,57,48,48,39,61,46,54,54,58,58,64,54,39,40,38,47
Delhi,C0121,110075,16,28.575941,77.0425938,,37.5,21.1,21.8,18.1,14.7,27.6,19.5,13.9,34.7,27.8,27.1,33.9,23,25.8,39,29.6,28.4,47.3,43,37,39,28,22,28,17,33,22,33,17,28,33,39,22,23,21,28
Delhi,C0122,110075,25,28.5944388,77.0528555,,63,41.1,44.5,37,42.5,53.7,61.5,60.4,37.2,31.8,54.7,46.5,46.3,40.1,27.2,14,33.8,47.3,37,38,57,48,48,39,61,46,54,54,58,58,64,54,39,37,39,47
Delhi,C0123,110091,17,28.5879225,77.3039268,,26.1,39.1,43.6,25.8,49.7,35.4,17.1,47.3,32.7,50.2,28.9,25.8,35.8,39.2,46,33.3,30.5,20.9,60,53,34,31,41,31,38,31,31,31,31,31,28,25,19,17,19,22
Delhi,C0124,201010,52,28.677849,77.352082,,70.6,19.7,142.1,83.9,149.5,5,110.3,56.5,41.4,100.1,427.1,187.9,65.4,6.8,15.2,28.7,32,19.7,62,62,45,47,53,49,53,56,44,42,47,49,51,47,40,42,40,44
Delhi,C0125,110070,6,28.4958562,77.1848254,,10.8,0,7,7.4,0,11.5,13.9,53.7,15.6,9.9,7.2,12.2,9,11,13.1,10,4.6,12.8,56,0,58,53,0,56,63,58,58,49,59,56,45,57,52,53,52,52
Delhi,C0126,110014,18,28.580136,77.2484931,,18.9,17.9,26.3,13.1,7.6,16.7,8.9,8,14.1,8.9,23,8,19.5,22.6,36.7,14.2,17.4,7.6,49,55,34,35,32,35,39,33,34,30,32,43,40,39,34,32,34,36
Delhi,C0127,122017,2,28.5072801,77.0089452,,678,554.9,586.9,639.3,603.2,669.4,145.4,0,0,0,0,0,0,0,0,0,0,0,37,38,57,48,48,39,61,0,0,0,0,0,0,0,0,0,0,0
Hyderabad,C0128,500091,1806,17.3594756,78.3721344,,4325.8,5661.5,5368.5,4869.5,5809.3,4546.1,4563.1,4354,6132.6,5171.5,4172.8,4421.3,3443.3,7553,4838.1,6757.3,4327.2,6277.7,62,62,45,47,53,49,53,56,44,42,47,49,51,47,40,38,40,43
Hyderabad,C0129,500032,885,17.4337593,78.3322467,,2531.7,2064.4,2011.9,3039.3,3063.4,2814.6,2770.2,3297.5,3270.9,2729,2980.3,2483.4,3005.9,2641.7,2603.6,2519.7,3175,3337.3,28,44,33,37,32,36,36,27,29,26,26,23,27,27,21,23,21,24
Hyderabad,C0130,500050,765,17.5047783,78.3278967,,3128,4374.6,2390.6,2593.8,3435.3,2875.7,2815.6,3558.5,2846.9,3157.4,2749.5,2620.5,2825.8,3559.2,2358.7,2908.8,3274,2717.7,37,38,57,48,48,39,61,46,54,54,58,58,64,54,39,37,39,47
Hyderabad,C0131,500019,571,17.4741703,78.3131036,,1446.4,1381.2,1887.7,1684.5,1813.7,2413.2,1859.3,3104,2101.1,1951.8,2585.6,2003.4,2314.6,2295.7,2585,2316.9,3167.2,2314.6,37,38,57,48,48,39,61,46,54,54,58,58,64,54,39,40,39,47
Hyderabad,C0132,500019,485,17.4650031,78.3108289,,1917.3,1809,1973.8,2015.6,1934.2,2377.4,1924.8,2485.7,2092.4,1842.2,2496.5,1899.1,2091.6,2006.8,2173.4,2070.1,2568.5,2168.7,28,44,33,37,32,36,36,27,29,26,26,23,27,27,21,19,21,23
Hyderabad,C0133,500019,584,17.4698168,78.3117306,,1600.3,1718.2,2005.1,1850.5,1739.6,2193,1886.7,2400.9,1927.2,1745.4,2258.4,1612,1736.5,1661.7,1806.4,1631.7,1724.9,2130.7,60,53,34,31,41,31,38,31,31,31,31,31,28,25,19,17,19,22
Hyderabad,C0134,500046,680,17.4551689,78.3011764,,1587.1,1213,1098.9,1574,1315.6,1647.1,1394.5,1490,1799.3,1247.9,1070.8,1249.8,1537.7,1332.1,1633.5,1252.3,1296.9,1830.6,62,62,45,47,53,49,53,56,44,42,47,49,51,47,40,41,39,44
Hyderabad,C0135,500075,283,17.4016328,78.3508464,,777.6,636,731.5,886.7,747.9,860.5,650.3,741.5,1067.7,828.4,1219.9,1180.2,1557.5,1241.5,1485.8,1286.2,1342.7,1553.4,71,61,45,47,53,49,53,56,44,42,47,49,51,47,40,42,41,44
Hyderabad,C0136,500085,762,17.477333,78.391798,,874.6,873.8,1043.4,825.9,1099.6,1099.4,1568.9,1914.5,1505.4,1539.7,1867.6,1495.3,1526.8,1766.6,1220.8,1277.6,1570.7,1297.3,25,29,50,58,55,52,50,50,56,54,54,52,58,51,41,39,41,46
Hyderabad,C0137,500084,503,17.4747952,78.3468868,,986.8,919.7,792.6,999.3,1373.3,1091,1402.5,1177.3,1086.2,1273,1079.8,1064,1406.3,1143.1,1020.6,1317.1,1306.7,1229.5,60,53,34,31,41,31,38,31,31,31,31,31,28,25,19,17,19,22
Hyderabad,C0138,500018,206,17.4678211,78.4076841,,818.1,548.9,679.3,613.3,547.2,685.8,539.6,612.6,773.7,550.5,642.6,492.2,639.7,506.6,572.4,540.4,661.5,759.7,60,53,34,31,41,31,38,31,31,31,31,31,28,25,19,21,19,22
Hyderabad,C0139,500032,97,17.4214792,78.3406628,,602.2,470.4,548.6,481.2,528.5,574.5,513.1,520.2,636.2,485.2,694.6,477,512.1,498.5,651.6,498.3,503,674.7,37,38,57,48,48,39,61,46,54,54,58,58,64,54,39,37,39,47
Hyderabad,C0140,500050,254,17.505258,78.328135,,241.3758929,97.5,394.6,467.6,634.1,623.4,430.2,822.8,591.7,742.6,498.4,564.6,769.8,1153.3,592.2,571.3,768,616.6,25,29,50,58,55,52,50,50,56,54,54,52,58,51,41,42,41,47
Hyderabad,C0141,502032,274,17.455522,78.291148,,241.3758929,156.5,260.8,263.4,226.8,261.4,226.6,228.7,315.1,356.8,438.9,325.4,510.2,596.4,668,602,847.9,600.9,71,61,39,28,22,28,17,33,22,33,17,28,33,39,22,24,22,28
Hyderabad,C0142,500084,169,17.4655716,78.3504793,,14.9,12,9.4,2.2,86.9,410.3,489.1,757,506.2,430.5,570.3,383.5,488.6,593.9,480.7,508.2,675.4,587.2,25,29,50,58,55,52,50,50,56,54,54,52,58,51,41,39,41,46
Hyderabad,C0143,500010,116,17.5199323,78.5410125,,482.6,759.7,443.1,472.4,581.1,485.9,613.1,485.5,533.4,574.5,528.2,490.9,615.5,519.5,458.7,707.9,521.5,562.6,28,44,33,37,32,36,36,27,29,26,26,23,27,27,21,22,20,23
Hyderabad,C0144,500019,143,17.4534817,78.2907588,,637.9,542.8,760.6,722.4,636,908,546.5,824.9,648.8,586.4,749.8,569.6,653.7,601.9,715.1,654.4,786.3,507.3,43,37,39,28,22,28,17,33,22,33,17,28,33,39,22,20,22,27
Hyderabad,C0145,500087,124,17.5025722,78.534651,,229.2,360.9,227.9,232.4,317.6,224.8,341.8,147.8,452.2,501.4,412.6,412.1,613.4,511.9,424.3,524.7,396.1,484.5,43,37,39,28,22,28,17,33,22,33,17,28,33,39,22,20,22,27
Hyderabad,C0146,500085,181,17.4754929,78.381094,,557.7,649.7,440,495.1,635.3,528.9,484.6,633.8,460.1,597.1,480.2,448.7,456.9,604.4,431,508.5,620.2,474.1,37,38,57,48,48,39,61,46,54,54,58,58,64,54,39,41,40,48
Hyderabad,C0147,500046,144,17.4658362,78.2632767,,240.3,236.8,396.3,409.9,487.5,385.1,342.1,549,441,412.2,528.2,459.1,466.4,650.7,524.4,532.3,809.1,463.4,56,56,57,63,7,50,60,64,59,63,65,61,62,64,59,60,59,61
Hyderabad,C0148,500084,163,17.4647114,78.3694529,,528.4,534.8,691.2,477.6,706.2,489.9,469.7,675.9,561.1,435.4,641.3,451,577,639,446.3,505.1,624.6,431,71,61,38,65,29,64,66,67,67,63,60,60,63,58,52,54,52,56
Hyderabad,C0149,500072,248,17.4745,78.3926008,,483.6,604.8,443.3,404.7,571.8,478,451.4,512.7,449.3,490.2,385.1,436.4,402.9,558.1,379.1,404.4,453.3,414,71,61,38,65,29,64,66,67,67,63,60,60,63,58,52,50,52,55
Hyderabad,C0150,500072,109,17.475419,78.39054,,241.3758929,252.6042614,,,,245.7,291,362.1,247.8,365.4,272.8,258.9,292.2,386.2,258.1,369.7,403.3,403.2,0,0,0,0,0,36,36,27,29,26,26,23,27,27,21,19,21,23
Hyderabad,C0151,500019,109,17.472855,78.3101779,,313.7,420.9,411.2,357.7,322.7,428.4,351.1,597,382.1,337.4,433.3,287.5,375.4,371.3,388.5,349.6,397.8,401.6,28,44,33,37,32,36,36,27,29,26,26,23,27,27,21,19,21,23
Hyderabad,C0152,500087,146,17.5126699,78.5458548,,506.5,958.5,446.3,413.2,487.4,444.4,572,295.2,461.9,562.6,369.3,356.9,538.4,416.2,478.4,472.4,362.3,389.5,62,62,45,47,53,49,53,56,44,42,47,49,51,47,40,42,40,44
Hyderabad,C0153,500084,118,17.4782755,78.3795076,,366.3,509.4,354.5,464.3,407,417.8,308.8,522,376.8,382.2,337.3,313,380.7,525.6,315,396.5,522.5,381.2,60,53,34,31,41,31,38,31,31,31,31,31,28,25,19,17,19,22
Hyderabad,C0154,500008,63,17.4215034,78.3466772,,276.7,233.7,172.3,267.2,257.2,296.7,287.2,261.5,301.9,250.2,222.7,256.9,295.9,249.4,307.5,292.8,240.7,365.5,25,29,50,58,55,52,50,50,56,54,54,52,58,51,41,42,40,46
Hyderabad,C0155,502032,123,17.4448885,78.2842745,,256.7,257.4,253.3,211.4,285.4,347.1,295.6,373.4,283.3,244.5,354.5,231.5,320.3,303.4,301.1,326.6,425.6,353.7,25,29,50,58,55,52,50,50,56,54,54,52,58,51,41,39,41,46
Hyderabad,C0156,502032,97,17.4509281,78.2811925,,275.9,276.1,311.6,280,276.2,361.5,297.6,405.6,293.5,248.7,345.1,274.6,288.9,383.8,412.2,392.4,410.7,348.7,28,44,33,37,32,36,36,27,29,26,26,23,27,27,21,23,21,24
Hyderabad,C0157,500032,45,17.4281333,78.3299717,,205.8,188,155.3,270.5,158.3,298.2,193.7,272.1,266.1,157.8,258.6,169.4,221.9,178.5,225.3,267.5,233.1,347.6,60,53,34,31,41,31,38,31,31,31,31,31,28,25,19,17,19,22
Hyderabad,C0158,500032,235,17.4508957,78.3623262,,170,347.8,33.3,180.1,425.2,299.1,503.3,295.8,440.7,572,405.7,355.1,443,321,281.3,412.4,277.5,334,37,38,57,48,48,39,61,46,54,54,58,58,64,54,39,37,39,47
Hyderabad,C0159,500011,76,17.4788009,78.4924214,,273.1,515.1,257.1,281.5,388.1,401.8,536.8,553.4,522.6,546.7,313.5,329.6,436.8,344.1,257,352.1,360.7,332.8,56,56,57,63,7,50,60,64,59,63,65,61,62,64,59,61,59,61
Hyderabad,C0160,500019,70,17.4371424,78.2824952,,171.7,234.5,237.3,210,216.3,322.1,205,276.6,252.3,184.7,262.8,212.8,254.1,204.2,306.9,260.6,364,314.5,71,61,39,28,22,28,17,33,22,33,17,28,33,39,22,20,22,27
Hyderabad,C0161,500019,205,17.4531359,78.3005802,,96.7,62.4,89.6,171.4,203.5,230.8,152.1,233.3,236.2,160.6,185.8,206.6,296.2,233.5,219.1,236.5,216.2,309.4,62,62,24,62,55,26,28,33,28,30,32,28,28,32,30,30,29,30
Hyderabad,C0162,500032,34,17.4444367,78.365912,,204.6,151.3,152.4,158.3,187.3,188.4,190.7,253.9,212.9,206.8,227.7,158.2,206.8,240.5,188.8,304.8,303.8,304.3,60,53,34,31,41,31,38,31,31,31,31,31,28,25,19,20,18,22
Hyderabad,C0163,502032,67,17.4508242,78.2828242,,278.4,269.6,383.9,330.8,340.7,380.6,290.9,405.3,304.1,293.6,379.1,253.9,280.5,362.1,254.3,293.9,312.2,295.9,60,53,34,31,41,31,38,31,31,31,31,31,28,25,19,17,19,22
Hyderabad,C0164,500049,50,17.5037717,78.332549,,262.2,278.8,217,252.1,356.1,570.9,256.3,308.6,265.6,334.6,252,322.5,237,403.9,308.7,311.6,459.8,292.4,62,62,45,47,53,49,53,56,44,42,47,49,51,47,40,41,39,44
Hyderabad,C0165,500019,96,17.4677253,78.3104268,,156.8,117.1,117.2,130.3,152.9,145.5,132.6,157.7,265.7,186.4,210.2,227.8,207,155,207.4,191.9,185.3,288.1,43,37,39,28,22,28,17,33,22,33,17,28,33,39,22,24,22,28
Hyderabad,C0166,500090,140,17.5484094,78.3736096,,296.4,473.8,319.6,431.2,418.4,283.4,362.8,394.2,295.7,332.2,315.3,280.4,354.2,465.5,300.9,366.7,402.1,285.8,56,56,57,63,7,50,60,64,59,63,65,61,62,64,59,57,59,60
Hyderabad,C0167,500056,57,17.492838,78.5469015,,256.2,380.9,229.6,344,342.6,264.2,309.6,141.5,296.2,300.9,249.8,332.9,289.7,248.6,225.8,376.7,295.2,276.8,28,44,33,37,32,36,36,27,29,26,26,23,27,27,21,19,21,23
Hyderabad,C0168,500032,45,17.4468545,78.3668009,,219.6,240.1,291.4,244.5,333.4,316.7,261.4,350.8,251.2,276.6,294.5,177,193,295.6,228,240.1,247.5,262.7,71,61,38,65,29,64,66,67,67,63,60,60,63,58,52,54,52,56
Hyderabad,C0169,500032,52,17.4361222,78.2880669,,156.1,142.5,214.4,209.9,176.3,231.9,156,179.6,259.7,155.2,272.4,194.5,229.3,169,271.3,231.6,265.2,250.7,71,61,38,65,29,64,66,67,67,63,60,60,63,58,52,53,51,55
Hyderabad,C0170,500019,97,17.45243,78.299956,,241.3758929,252.6042614,,,,10.8,40.1,83.5,94.4,131.3,82.7,106.2,224.8,209.8,178.2,187.1,218.8,246.2,0,0,0,0,0,39,61,46,54,54,58,58,64,54,39,37,39,47
Hyderabad,C0171,500032,77,17.432269,78.329094,,85.8,86.6,115.9,79.9,112,143.7,78.9,76.9,153.5,119.3,94.9,114.1,158.5,129.3,146.6,106.1,102.1,236.9,56,58,58,53,53,56,63,58,58,49,53,51,50,55,51,49,51,51
Hyderabad,C0172,500008,59,17.414219,78.368001,,93.3,64.1,49.1,188.2,228.4,300.8,153.8,178.8,224.9,160.9,206.4,242.6,228.8,234.6,192.1,174.2,221.8,235.5,25,29,50,58,55,52,50,50,56,54,54,52,58,51,41,39,41,46
Hyderabad,C0173,500033,22,17.4325894,78.4070691,,110.2,76.3,69.7,49.6,119.5,149.2,187.9,121.5,176.5,154.6,200,108.5,144,144.1,178.2,128.8,161.6,233.6,21,29,40,40,40,60,40,40,40,40,40,40,40,60,20,21,19,32
Hyderabad,C0174,502030,47,17.4538852,78.2896471,,222.5,183.5,232.9,189,257.2,175.5,148.4,273.6,191.1,207.3,265.3,190.6,177.3,190.8,199,213,252.7,218.5,25,29,50,58,55,52,50,50,56,54,54,52,58,51,41,43,42,47
Hyderabad,C0175,500030,54,17.370086,78.425278,,279.2,200.6,257.5,286.8,348.4,257.5,253.4,540,259.4,220.4,275.4,204.7,214.2,258.7,218.5,230.1,326,211.5,62,62,45,47,53,49,53,56,44,42,47,49,51,47,40,38,40,43
Hyderabad,C0176,500081,123,17.4395673,78.388311,,109.1,85,59.6,88.2,131.2,97.1,105,282,179.6,313.7,211.9,197.6,202.5,289.9,189.6,214.4,274.8,203.8,28,44,33,37,32,36,36,27,29,26,26,23,27,27,21,19,21,23
Hyderabad,C0177,500081,117,17.4393286,78.390444,,170.2,241.3,143.1,154.7,223.2,177.3,179.7,235.7,172.9,202.5,203.2,155.6,175,181.5,181,175.6,236,199.5,60,53,34,31,41,31,38,31,31,31,31,31,28,25,19,17,19,22
Hyderabad,C0178,500077,45,17.3139306,78.4366984,,187.1,177.6,186.8,272.5,347.7,360.6,232.1,249,237.3,179.6,216.5,184.4,197.2,173.7,161.8,248.7,163.1,193.5,25,29,50,58,55,52,50,50,56,54,54,52,58,51,41,39,41,46
Hyderabad,C0179,500090,112,17.5320961,78.3792112,,986.4,1807.2,811.9,1128,1342.5,1018.7,421.7,208.1,153.7,309.9,189.1,177.8,197.7,195.2,150.3,214.1,266.3,187.1,71,61,39,28,22,28,17,33,22,33,17,28,33,39,22,20,22,27
Hyderabad,C0180,500049,89,17.5010254,78.3656224,,171.7,403.6,197.8,75.5,153.3,153.6,135.6,201.4,152.7,248.1,170.6,174.6,196.2,267.5,153.1,144.3,242.6,186,43,37,39,28,22,28,17,33,22,33,17,28,33,39,22,24,23,28
Hyderabad,C0181,500084,96,17.467699,78.348493,,241.3758929,252.6042614,,,0,16.6,72,131.5,133.2,163.6,120.9,124.5,154.1,147.3,132.1,257.7,184,181.3,0,0,0,0,0,49,53,56,44,42,47,49,51,47,40,42,41,44
Hyderabad,C0182,500019,119,17.4607832,78.2858101,,185.1,208.6,181.6,99.8,144.2,197.4,157.8,169.4,228.8,126.5,163.7,107.3,123.1,198.6,167.6,137.1,220.4,163.8,49,55,34,35,32,35,39,33,34,30,32,43,40,39,34,32,34,36
Hyderabad,C0183,500089,20,17.4027233,78.3773127,,125.3,97,91.6,129.8,95.5,110.4,75.7,78.3,155.2,88.5,76.5,90.3,96.6,95.6,141.7,93.8,119.1,159.8,47,47,43,43,41,39,41,38,42,43,42,43,42,42,42,40,42,41
Hyderabad,C0184,500014,60,17.5609509,78.4885643,,121.7,358.5,166,138.4,164.2,155.8,150,180.2,142,186.8,156.9,195.6,191.3,149,160.4,170.8,134.6,157.6,44,43,53,51,48,48,48,44,46,42,38,38,40,47,29,27,29,34
Hyderabad,C0185,502032,53,17.4567037,78.2907298,,148.6,110.7,144.9,116.5,154.3,141.1,137.5,276.7,149.4,128.9,135,138.8,169.5,170.3,132.9,94.8,161.3,154.2,75,75,55,53,48,52,44,48,52,49,45,47,47,42,43,44,42,44
Hyderabad,C0186,502032,25,17.4558707,78.2946019,,187.5,178.2,193.5,167.8,154.8,265.4,168,263.9,263.8,137,251.9,174.4,174.3,169.2,178.1,184.6,184.7,142.3,28,44,33,37,32,36,36,27,29,26,26,23,27,27,21,19,21,23
Hyderabad,C0187,500010,45,17.5274072,78.5371432,,4.4,41.7,26,7.3,17,13.3,35.6,64.2,76.4,78.7,59,102.7,153.3,118.2,178.6,280.1,92.6,136.9,28,44,33,37,32,36,36,27,29,26,26,23,27,27,21,19,21,23
Hyderabad,C0188,500034,19,17.416889,78.43867,,93.5,75.5,82.7,97.5,90.6,118,105.3,106.9,123.4,86.4,146.3,121.5,90.1,104.9,114.9,98,100.1,136.7,43,37,70,75,70,80,80,80,70,75,75,80,75,70,80,82,80,77
Hyderabad,C0189,500019,41,17.4752205,78.3076033,,119.5,117.7,140.3,94.9,110,178.9,131,143.1,138,85.7,126.1,97.9,148.5,109.3,110.7,111.5,169.6,136.3,69,67,88,87,89,87,85,85,87,87,46,44,44,42,44,42,44,43
Hyderabad,C0190,500083,94,17.4965041,78.5873759,,118,289.1,146.4,126.3,183.7,155.8,142.4,118.7,42.3,119.9,86.4,104.6,148.3,127.5,88.8,124.9,143.2,132.1,54,62,48,49,45,46,52,49,42,51,46,46,43,41,43,45,44,43
Hyderabad,C0191,502032,40,17.4491033,78.2903887,,122.9,117.8,137.5,121.3,155.6,133.4,143,156.8,193.1,167.2,181.4,102.3,122.8,179.1,117.4,154.9,194.1,130.3,43,43,21,14,17,12,12,14,10,14,12,12,12,12,12,14,12,12
Hyderabad,C0192,500019,60,17.4430109,78.2771571,,105.1,88.1,94.6,90.3,106.4,80.7,91.3,159.4,90.4,83.8,151.2,147.2,101.8,116,118,116.4,142.4,129.1,69,67,88,87,89,87,85,85,87,87,85,85,83,86,86,84,86,85
Hyderabad,C0193,500084,29,17.4626737,78.3704928,,91.5,80.5,94.6,122.6,131.2,111.5,133.9,235.9,131.9,114.4,122.5,126.6,135.2,126.4,106,116.9,159.8,125.1,20,60,73,70,68,68,60,70,75,65,56,49,45,72,65,66,64,62
Hyderabad,C0194,500068,49,17.3513367,78.5625531,,108.7,44.3,36.9,42.3,97.2,75.6,100.4,92.8,166,112.5,76.5,64.1,98.8,79.9,63,133.8,129.8,123.9,28,44,33,37,32,36,36,27,29,26,26,23,27,27,21,19,21,23
Hyderabad,C0195,500043,86,17.565816,78.4705767,,67.8,127.2,6.9,6.3,29.5,60.7,100.6,81.5,76.4,83,51.1,71.8,45.3,70.2,53.6,64.1,61.7,121.1,71,61,38,65,29,64,66,67,67,63,60,60,63,58,52,53,51,55
Hyderabad,C0196,500084,22,17.4574295,78.3633743,,91.8,105.1,112.9,81.3,151.5,120.7,86.3,154.6,121.5,100.3,133.9,121,172.3,210.4,122.8,112.9,164.5,121.1,56,58,58,53,53,56,63,58,58,49,59,56,45,57,52,53,52,52
Hyderabad,C0197,500086,18,17.3596325,78.381023,,50.7,34.1,52.1,55.8,86.2,71.2,50.4,67.8,97.2,87.3,81,70.4,113.4,82,105.4,89.7,104.3,114.5,37,38,57,48,48,39,61,46,54,54,58,58,64,54,39,37,39,47
Hyderabad,C0198,500034,26,17.4231553,78.4412012,,80.9,60.2,54.8,49.5,54.8,68.4,68,58,100.1,70.9,128,72.4,101.1,77.2,91,91.9,93.5,112.1,37,38,57,48,48,39,61,46,54,54,58,58,64,54,39,40,39,47
Hyderabad,C0199,500090,59,17.5585724,78.371659,,88.2,166.1,72.2,114,161,65.6,101.1,100,84.6,104.5,67.2,69.4,66.5,130.1,80.7,70.6,114.4,108.5,43,37,39,28,22,28,17,33,22,33,17,28,33,39,22,20,22,27
Hyderabad,C0200,500019,144,17.4660387,78.3120888,,156.7,122.1,99.9,62.9,51.5,78.5,84.8,104.1,116.5,77.2,98.1,88.3,123.4,67.8,122.7,66.2,101,107.1,25,29,50,58,55,52,50,50,56,54,54,52,58,51,41,42,41,47
Hyderabad,C0201,500034,28,17.5185015,78.5409206,,80.6,163.9,72.8,80.5,97.1,98.8,104.3,51.1,112.9,98.4,87.3,97.3,100.6,98.8,92,108.7,102.6,106.3,60,53,34,31,41,31,38,31,31,31,31,31,28,25,19,21,19,22
Hyderabad,C0202,500072,11,17.4678953,78.4151479,,100.8,74.5,108.6,68.8,103.3,111.2,99.9,75.7,135.9,82.5,96.6,76.9,68.2,113.3,101.1,70.6,93.1,102.1,28,44,33,37,32,36,36,27,29,26,26,23,27,27,21,22,20,23
Hyderabad,C0203,500043,25,17.55404,78.3905176,,116.9,169,119.8,81.4,167.5,93.2,82.7,111.5,74.5,115.4,94,73.8,111.2,153.8,91.5,93.7,113.8,100.7,28,28,80,78,79,79,76,78,75,78,79,77,78,79,76,74,76,76
Hyderabad,C0204,500008,6,17.4169142,78.3423777,,71.4,53.3,53.3,64.7,75.7,115.6,50.1,64.8,57.5,57.4,46.9,34.6,101.7,62.1,94.2,113.2,41.1,97.1,28,44,33,37,32,36,36,27,29,26,26,23,27,27,21,23,21,24
Hyderabad,C0205,500019,51,17.4521017,78.2748059,,103,127.7,120.7,121.1,170.5,112.8,103.8,136.1,114.6,110,120,103.2,119.1,107.2,64.5,80.8,95.3,91.4,60,59,73,70,68,68,60,70,75,65,68,53,65,76,60,62,61,64
Hyderabad,C0206,500019,12,17.4548023,78.3042007,,100.6,80.9,143.3,72.3,110.2,112.7,123.6,116.3,99.3,76.3,127.7,66.7,68.1,65.8,83,73.8,137.7,85.2,62,62,45,47,53,49,53,56,44,42,47,49,51,47,40,38,40,43
Hyderabad,C0207,500050,43,17.51108,78.335512,,241.3758929,84.7,54.8,114,60.4,85.5,114.1,140.1,75.5,57.3,57.7,69.6,55.4,129.9,65.5,149,93.9,85.1,0,61,33,37,32,36,36,27,29,26,26,23,27,27,21,19,21,23
Hyderabad,C0208,500034,9,17.4214754,78.4351377,,69.6,62.5,49.9,36.4,45,74.9,83.6,50.7,115.9,86.1,111.7,74.9,70.8,69.9,101.5,76.4,71.2,80.3,25,29,50,58,55,52,50,50,56,54,54,52,58,51,41,42,40,46
Hyderabad,C0209,500049,11,17.4961932,78.3581181,,64.7,54.4,80.9,69.1,62.3,64.8,47.7,53.8,88.6,76.7,90.4,56.6,61.9,86.4,118.5,86.9,96.3,78.9,60,53,34,31,41,31,38,31,31,31,31,31,28,25,19,21,20,23
Hyderabad,C0210,502032,31,17.453921,78.281171,,241.3758929,252.6042614,,,,216.8,120.9,129.1,57.5,134.4,86.6,76,58.9,71.9,51,50.6,69.2,78,0,0,0,0,0,52,50,50,56,54,54,52,58,51,41,43,42,47
Hyderabad,C0211,500081,33,17.455539,78.364398,,241.3758929,252.6042614,,75.6,137.4,92.4,52.1,113.9,55.5,53.3,81.1,57.3,76.6,64.6,57,57.3,77.4,72.5,0,0,0,31,41,31,38,31,31,31,31,31,28,25,19,17,19,22
Hyderabad,C0212,500058,1,17.3080403,78.5263305,,428,462,381,475,373,322,522.8,558,415,415,424,456,458,643,468,578,595,70,71,61,33,37,32,36,36,27,29,26,26,23,27,27,21,19,21,23
Hyderabad,C0213,500058,36,17.3698224,78.5753117,,12.1,43.9,45.5,76.4,86.5,81.4,115.2,77,79.3,88.8,54.3,55.9,88.2,58.2,59,66.3,69.4,65,62,62,45,47,53,49,53,56,44,42,47,49,51,47,40,38,40,43
Hyderabad,C0214,500087,21,17.4999105,78.5515117,,35.9,256.1,56.1,60.6,58.4,72.9,68.5,66,43.3,100.7,49.7,90.5,76.7,53.3,75.2,67.7,91.4,64.6,43,37,39,28,22,28,17,33,22,33,17,28,33,39,22,20,22,27
Hyderabad,C0215,500010,62,17.5288613,78.5366128,,50.4,65.4,50.5,64.5,71.4,61.1,109.9,64.3,51.7,78.4,42.1,53.9,75.3,66.6,59.9,86.2,58.6,63.7,28,44,33,37,32,36,36,27,29,26,26,23,27,27,21,23,21,24
Hyderabad,C0216,500019,32,17.4552349,78.2992195,,117.5,119.8,96.9,72.2,103.2,89.6,105,137.9,104.4,84,94.9,74.7,82.8,92.2,80.4,107.4,84,56.9,71,61,38,65,29,64,66,67,67,63,60,60,63,58,52,54,52,56
Hyderabad,C0217,500084,20,17.4639176,78.3416883,,62,37.6,42.4,41.5,60.8,49.6,54.4,84.9,59.3,49.2,56.3,46.3,68.3,67.6,35.6,38.2,60.6,50.1,37,38,57,48,48,39,61,46,54,54,58,58,64,54,39,41,40,48
Hyderabad,C0218,500050,22,17.4977709,78.3348752,,58.1,70.6,71.2,67.8,35.7,49.5,35,92,50,34.3,44.8,43.4,41.7,58.5,57.8,47.9,66.1,48.3,56,56,57,63,7,50,60,64,59,63,65,61,62,64,59,60,58,61
Hyderabad,C0219,500018,5,17.46575,78.408275,,241.3758929,252.6042614,,,10.9,9.4,6,6.2,5.3,8.8,23.3,13.1,22.8,18.4,31.2,27.4,24.6,43.7,0,0,0,0,17,12,12,14,10,14,12,12,12,12,12,14,12,12
Hyderabad,C0220,502032,55,17.4462172,78.2821393,,185.3,130.9,153.5,93.2,71.2,58.5,51.8,56.5,49.7,45.6,54.9,49.4,47.6,39.1,64.3,56.8,46.3,42.4,71,61,33,37,32,36,36,27,29,26,26,23,27,27,21,22,21,24
Hyderabad,C0221,500067,16,17.5173561,78.4855089,,51.8,64.9,21.7,41.8,54.5,51.7,26.1,23.6,42.5,41.4,29.6,26.2,28.5,17.7,45.7,49,24.5,41.1,37,38,57,48,48,39,61,46,54,54,58,58,64,54,39,41,40,48
Hyderabad,C0222,500018,19,17.4727898,78.3083811,,37.6,49.7,70,52,55.8,85.2,64.3,61.8,65.3,56.4,73.9,51.6,106.6,47.1,46.8,38.3,70.1,38.9,71,61,38,65,29,64,66,67,67,63,60,60,63,58,52,50,52,55
Hyderabad,C0223,500019,25,17.4803773,78.315475,,30.8,42.4,51,52.9,42.1,57.7,42.4,45,37.4,58.4,47.8,46.9,52.9,41,61.3,46.9,67.6,37.2,43,37,39,28,22,28,17,33,22,33,17,28,33,39,22,20,22,27
Hyderabad,C0224,500072,10,17.4875418,78.3953462,,50.7,62.6,36.6,33.1,38.6,33.7,27.8,45.5,62.2,54.1,63,31.4,49.8,40.2,33.7,50.8,27.6,36.6,71,61,33,37,32,36,36,27,29,26,26,23,27,27,21,23,22,24
Hyderabad,C0225,502032,14,17.509078,78.3001221,,42.3,83.2,101.8,65.8,69.8,72.2,74.4,91.5,46,42.7,55.9,38.6,74,78.7,47,57.9,42.4,36.5,62,62,45,47,53,49,53,56,44,42,47,49,51,47,40,41,39,44
Hyderabad,C0226,500049,18,17.5352112,78.3560915,,241.3758929,28.8,6.7,12.8,7.2,10.2,18.6,0,0,0,5.9,0,4.6,3.6,5.9,20.7,54,35.7,0,23,26,24,24,23,22,0,0,0,21,0,21,22,21,22,20,21
Hyderabad,C0227,500077,28,17.297533,78.432693,,241.3758929,252.6042614,,,14.6,40.9,39.9,51.7,27.3,33.8,33.8,30.9,18.7,12,26.6,33.8,27.2,34.9,0,0,0,0,55,52,50,50,56,54,54,52,58,51,41,43,42,47
Hyderabad,C0228,500052,10,17.4212424,78.4406451,,31.3,6.9,16.1,14.9,6.1,20.1,23.8,14.6,41.1,12,26.4,21.6,23.2,14.2,25.5,19.1,13.4,34.5,60,53,34,31,41,31,38,31,31,31,31,31,28,25,19,17,19,22
Hyderabad,C0229,500094,13,17.484525,78.54408,,28.5,37.1,17.7,25.9,45.2,36.1,47.8,53,43.1,50.8,26,25.5,41.9,35.9,20.1,28.8,31.7,30.3,62,62,45,47,53,49,53,56,44,42,47,49,51,47,40,42,40,44
Hyderabad,C0230,500079,37,17.3311345,78.5355606,,0,0,12.4,0,1.9,13.5,1.9,0,2.1,0,0,0,1.9,0,0,23.4,43.2,28.5,0,0,73,0,68,68,60,0,75,0,5,0,20,0,0,13,15,15
Hyderabad,C0231,500072,11,17.4889094,78.3867779,,40.1,36.5,57.7,37.5,25.9,43.9,21.5,29,23.7,26.8,36.3,16.3,34,30.2,25.7,26.8,33.7,27.3,62,62,45,47,53,49,53,56,44,42,47,49,51,47,40,41,39,44
Hyderabad,C0232,500032,9,17.4386522,78.3557684,,21.2,28.2,39.3,54.8,18.8,23.4,27.8,38.1,34.7,20.3,52.3,32.7,21.1,31.8,25.9,25.5,23.8,26.7,28,44,33,37,32,36,36,27,29,26,26,23,27,27,21,19,21,23
Hyderabad,C0233,500075,28,17.3905983,78.338351,,91.6,45.3,3.7,0,10.3,4.8,16.1,15.9,29.9,21.2,17.4,15.6,35.7,14.6,11.3,11.9,15.3,25.8,25,29,50,0,55,52,50,50,56,54,54,52,58,51,41,39,41,46
Hyderabad,C0234,500081,10,17.4485835,78.3908035,,11.8,28.5,22.8,16.1,20,21.3,19.2,28.5,26.9,38.6,20.2,21.6,30.7,35.9,28,27.5,34.6,23,28,44,33,37,32,36,36,27,29,26,26,23,27,27,21,19,21,23
Hyderabad,C0235,500068,26,17.453482,78.3682,,241.3758929,252.6042614,,,105.8,31.7,47.8,30.6,43.4,32.4,23.8,26.7,21.6,36.8,7,21.7,11.9,21.4,0,0,0,0,29,64,66,67,67,63,60,60,63,58,52,50,52,55
Hyderabad,C0236,500084,9,17.463059,78.361078,,241.3758929,252.6042614,4.3,11.1,27.4,14.9,5.5,8.6,4.4,3,8.6,3.7,3.4,8.5,4.9,3.3,4.2,4.3,0,0,17,22,18,18,16,20,16,23,5,21,20,13,15,16,14,15
Hyderabad,C0237,500085,19,17.4901821,78.38713424,,11.6,66.6,26.6,13.7,18.1,3.8,14,13,3.8,15.6,11.3,0,6.1,4.9,0,0,1.5,2.4,33,33,33,33,33,33,33,33,33,33,0,0,33,33,0,0,33,33
Hyderabad,C0238,500094,36,17.5006586,78.5522438,,145.9,315.3,169.2,157.5,155,144,190.7,39.3,0,0,0,0,0,0,0,0,0,0,71,61,38,65,29,64,66,67,0,0,0,0,0,0,0,0,0,0
Hyderabad,C0239,500019,38,17.4797248,78.3092118,,39.3,29,67.7,34.3,59.4,35.1,23.4,15,,,,,,,,,,,36,36,46,46,46,44,43,43,0,0,0,0,0,0,0,0,0,0
Hyderabad,C0240,500008,0,17.378018,78.419543,,241.3758929,252.6042614,13.6,48.6,62.9,30,62.1,36,42,36.3,11,,,,,,,,0,0,34,31,41,31,38,31,31,31,0,0,0,0,0,0,0,0
Kolkata,C0241,700027,75,22.5251784,88.3308634,,248.8,520.7,60.4,142.2,396.2,369.7,481.5,458.2,431.5,365.8,494.5,345.8,361.2,404.1,530.7,383.9,439.6,508.5,37,38,57,48,48,39,61,46,54,54,58,58,64,54,39,40,39,47
Kolkata,C0242,700107,74,22.6146092,88.3769968,,304.7,386.5,448.2,318.8,378,450.8,382.9,405.9,470.5,352.5,481,331.3,335,141,551.8,328.3,322.8,444.1,28,44,33,37,32,36,36,27,29,26,26,23,27,27,21,22,20,23
Kolkata,C0243,700019,77,22.536554,88.3578212,,472.4,537.2,111.6,212.6,485.9,432,372.7,432.7,313.7,399.5,318.8,378.1,402.7,402.7,507.1,417.4,494.1,439.6,62,62,45,47,53,49,53,56,44,42,47,49,51,47,40,41,39,44
Kolkata,C0244,700064,61,22.5796842,88.414312,,240.8,257.8,259.4,308.7,492.6,443.3,330.3,445.1,245.2,295.5,293.1,265.3,371.6,314.5,256.2,500.2,292,333.2,71,61,33,37,32,36,36,27,29,26,26,23,27,27,21,22,21,24
Kolkata,C0245,700107,45,22.6146092,88.3769968,,134,221.4,147.3,90.8,183.4,393.4,167.4,250.2,263,271.9,311.9,269.8,236.7,218,241.5,291.4,221.9,244.5,37,38,57,48,48,39,61,46,54,54,58,58,64,54,39,41,39,47
Kolkata,C0246,700053,52,22.5090392,88.3329427,,165.5,313.8,54.1,95.5,178.1,258.7,256.4,248.8,196.1,202.3,202.4,191.4,214.4,327.8,198.5,215.1,303.2,242.4,43,37,39,28,22,28,17,33,22,33,17,28,33,39,22,20,22,27
Kolkata,C0247,700025,46,22.5332356,88.3459362,,274.6,274,67.1,211.6,230.5,174,153.9,299.4,229.8,218.8,256.2,198.7,265.2,224.8,206.9,156.9,276.7,224,71,61,38,65,29,64,66,67,67,63,60,60,63,58,52,50,52,55
Kolkata,C0248,700026,35,22.518473,88.3657937,,238.7,210.3,0,125.9,179.7,241.5,245.1,224.6,160.8,192.6,217.8,180.7,239.9,213.2,312.2,223.5,242.1,206.2,37,38,0,48,48,39,61,46,54,54,58,58,64,54,39,37,39,47
Kolkata,C0249,700135,42,22.5675683,88.5174492,,167.6,177.3,156,82.8,126.8,160.6,180.3,150.6,177.8,171,199.5,137.8,132.1,99.3,209.8,214.9,238,201.1,36,36,46,46,46,44,43,43,43,42,42,43,40,42,37,39,37,39
Kolkata,C0250,700033,42,22.5022795,88.3603193,,135.1,211,57.6,158.8,166,218.5,168.1,234.4,159.5,185.5,180.6,141.2,188.3,153.6,218.2,197.4,253.9,194.7,45,47,45,47,53,49,53,56,44,42,47,49,51,47,40,41,39,44
Kolkata,C0251,700015,27,22.5563167,88.388763,,159.8,214.9,187.2,85,162.4,218,210.5,263.6,133.8,174.9,185.8,122.8,121.8,122.2,186.8,164.7,214.8,173.2,49,55,34,35,32,35,39,33,34,30,32,43,40,39,34,36,35,37
Kolkata,C0252,700054,41,22.5802167,88.3905869,,1.8,207.5,101.1,84.2,97.6,156.7,166.7,188.3,86.7,154.2,124.6,85.2,81.9,93.4,170.3,133.5,124.8,168.8,52,54,70,62,66,56,61,53,55,51,41,35,43,48,38,40,39,42
Kolkata,C0253,700034,37,22.5015719,88.3209437,,90.3,150.9,8.5,0,246.4,106.3,101.9,125.9,125.5,124,131,90.8,125.5,122.6,116.9,119.7,97.8,153.1,56,58,58,0,53,56,63,58,58,49,49,49,49,51,51,53,51,51
Kolkata,C0254,700084,54,22.454687,88.3900833,,131.8,242,0,195.3,154.8,183.2,162.5,192.7,118.5,217.3,176.7,117.4,172.5,147.7,162.3,231.3,141.8,152.9,44,43,0,51,48,48,48,44,46,42,38,38,40,47,29,30,29,35
Kolkata,C0255,700156,33,22.572646,88.363895,,26.6,138.1,69.3,18.6,123.8,109.7,108.1,144.9,110.7,142.7,117.4,114.7,102.6,105.9,139.6,156.9,185.1,149.1,56,63,73,70,68,68,60,70,75,65,5,21,20,13,15,13,15,15
Kolkata,C0256,700045,37,22.5012565,88.3594852,,194.7,130.2,125.2,91.4,184.8,141.8,153.5,128.2,147.1,128.6,161,135.9,143.9,129.7,150.7,186.4,227.7,149,71,71,30,27,27,27,25,28,28,31,31,31,31,30,33,31,33,32
Kolkata,C0257,700063,34,22.4625372,88.3155256,,109.6,109.3,39.3,8.6,243.8,154.9,70.3,142.8,70.5,216.4,99.4,140.3,133.4,180.3,93.2,134,165.4,134.1,72,74,50,36,36,62,69,69,57,57,64,57,71,64,57,55,57,61
Kolkata,C0258,700094,32,22.6146092,88.3769968,,74.6,108.2,46,71.6,113,117.2,102.7,101.3,125.6,134.8,108.1,98,134.6,92,101.7,205.7,149,129.2,87,87,17,22,18,18,16,20,16,23,5,21,20,13,15,16,14,15
Kolkata,C0259,700156,25,22.5625337,88.4953013,,88.2,91.5,74.1,33.9,72.5,123,105.9,94.4,140.7,136.1,132.7,114.7,121.3,90,117.1,84.8,132.4,120.7,60,53,34,31,41,31,38,31,31,31,31,31,28,25,19,17,19,22
Kolkata,C0260,700089,56,22.6107101,88.4270602,,101.3,137.9,89.2,120.5,225.3,177,104,155.5,134.9,85.8,129.6,116.9,154.6,159,201,160.9,166,108.2,43,37,39,28,22,28,17,33,22,33,17,28,33,39,22,23,21,28
Kolkata,C0261,700080,56,22.932398,88.7345185,,76.9,94.3,114.2,99.7,89.4,135.6,123.2,219.1,153.7,137.1,133.7,159.4,140.5,140.7,145.6,130,162,103.3,33,33,26,24,24,23,22,24,21,22,21,24,21,22,21,22,20,21
Kolkata,C0262,700017,26,22.5409396,88.3681347,,73.1,191,89,48.5,70.2,106.8,30.3,72.9,79.7,92.6,70.3,115.9,75.8,60.1,77,79.1,87,101.9,37,38,57,48,48,39,61,46,54,54,58,58,64,54,39,41,39,47
Kolkata,C0263,741246,32,22.572646,88.363895,,0,183.9,22.8,36.4,67.7,70.8,77.5,20.7,78.2,,190,60.1,,119.5,87.3,39.3,87.2,100.8,0,37,39,28,22,28,17,33,22,0,17,28,0,39,22,20,22,26
Kolkata,C0264,700005,31,22.598252,88.358005,,65.1,96.8,51.1,110.6,105.5,125,150.2,105.5,33.2,83.3,85.1,58.2,71.3,50.9,70.2,116.1,76.2,96.8,25,29,50,58,55,52,50,50,56,54,54,52,58,51,41,39,41,46
Kolkata,C0265,700104,27,22.4518108,88.3013591,,52.3,62.5,9.7,69,100.5,92.3,37.5,92,87.8,122.9,67.5,97.1,107.8,106.7,89.9,95.6,102.8,96.7,37,38,57,48,48,39,61,46,54,54,58,58,64,54,39,40,38,47
Kolkata,C0266,700006,16,22.572646,88.363895,,58.2,65.5,38.6,20.3,59,70.6,54.2,36.5,28,74.9,36.6,48.2,44,87.3,105.4,127.4,122.6,89,71,61,39,28,22,28,17,33,22,33,17,28,33,39,22,20,22,27
Kolkata,C0267,700124,42,22.7247556,88.4789351,,75.7,130,40.5,150.3,124,80.4,91,61.1,32.5,174.5,120.5,110.4,7.2,131.1,56.6,75.9,74.5,88.8,43,37,39,28,22,28,17,33,22,33,17,28,33,39,22,23,21,28
Kolkata,C0268,711403,37,22.614096,88.276561,,131.8,197.8,89.2,,235.3,72.6,123,67.6,134.6,53.8,106.4,110,84.1,55.6,78.1,54.5,93.4,85.9,28,44,33,0,32,36,36,27,29,26,26,23,27,27,21,22,20,23
Kolkata,C0269,700042,14,22.5195362,88.3827505,,31.2,41.8,0,25.6,34,23.1,21.8,34.7,24.2,29.3,38.8,43.4,31.6,28.9,18.1,30.8,34.6,74.6,25,29,0,58,55,52,50,50,56,54,54,52,58,51,41,39,41,46
Kolkata,C0270,700029,8,22.5270536,88.3527005,,59.2,62.8,57.9,7.6,106.9,57.6,56.5,87.8,74.1,48.5,116,58.4,69.2,60.7,86.1,59.1,91.5,66,60,53,34,31,41,31,38,31,31,31,31,31,28,25,19,20,18,22
Kolkata,C0271,700046,16,22.5503827,88.3803642,,57.6,44.7,21,30.1,23.2,25.3,67.6,38,55.7,40.3,64.8,59.3,92,74,52.1,58.4,65.8,64.5,28,44,33,37,32,36,36,27,29,26,26,23,27,27,21,19,21,23
Kolkata,C0272,700055,32,22.6420109,88.4311688,,50.1,67.6,47.5,62.8,72.5,72.9,79.9,54,104.1,42.9,40.6,69.5,86.9,71.3,75.5,62.6,68.3,62.3,56,56,57,63,7,50,60,64,59,63,65,61,62,64,59,57,59,60
Kolkata,C0273,700015,19,22.554164,88.389265,,241.3758929,252.6042614,,,,50.9,50.6,69.5,65.9,66.2,51.1,48.6,61.5,78.7,56.2,62.1,80.2,60,0,0,0,0,0,52,50,50,56,54,54,52,58,51,41,43,41,47
Kolkata,C0274,700010,8,22.5628793,88.3962477,,241.3758929,24.5,16.8,50.9,25.1,20.4,57.2,33.5,32.9,55.1,51.7,58.9,29.9,18.3,59.6,44.5,54,57,0,38,57,48,48,39,61,46,54,54,58,58,64,54,39,37,39,47
Kolkata,C0275,700095,9,22.572646,88.363895,,42.6,65,0,78.2,72.4,78.2,91.1,46.6,49.9,42.8,52.6,35.8,38.2,61.5,60.2,55.7,60.4,54.1,25,29,0,58,55,52,50,50,56,54,54,52,58,51,41,39,41,46
Kolkata,C0276,700136,22,22.6236287,88.44098,,241.3758929,46.4,64,20.5,19.1,28.4,34.3,28.5,19.3,17.5,39.2,27.8,34.3,41.3,30.3,36.8,50.4,52.3,0,44,33,37,32,36,36,27,29,26,26,23,27,27,21,19,21,23
Kolkata,C0277,700046,7,22.5456855,88.3847766,,29.8,43.7,13.4,14.2,52.3,22.8,22,28,25.2,52.8,52,17.7,43.3,31.4,25.8,28.3,63.1,49,71,61,38,65,29,64,66,67,67,63,60,60,63,58,52,50,52,55
Kolkata,C0278,700107,11,22.6146092,88.3769968,,30.9,58.7,24.7,53.9,17.9,28.2,29.3,22.5,22.9,22.5,20.8,17.9,37.6,30.8,33.7,40.3,23.7,48.8,56,56,57,63,7,50,60,64,59,63,65,61,62,64,59,61,59,61
Kolkata,C0279,700052,18,22.572646,88.363895,,90.6,74.8,99.2,25.8,49.1,96.5,65.3,62.6,55.1,11.4,63.2,26.7,38.4,33.1,39.8,40.3,51.6,48.1,71,61,38,65,29,64,66,67,67,63,60,60,63,58,52,50,52,55
Kolkata,C0280,700156,11,22.5652141,88.463916,,48,122.1,110.8,26.5,57.2,87.5,112.8,57.6,130.7,72.6,74.1,69.7,62.7,49,72.6,54.4,69.2,47.9,56,56,57,63,7,50,60,64,59,63,65,61,62,64,59,57,59,60
Kolkata,C0281,700140,21,22.4976413,88.2739888,,35.8,54.1,35.4,,54.9,20.1,37.1,46.7,64.1,36,27.6,42.7,43.4,59.9,78.1,44.4,48.5,47.5,37,38,57,0,48,39,61,46,54,54,58,58,64,54,39,37,39,47
Kolkata,C0282,700046,18,22.5375284,88.3930017,,101.8,86.9,70.8,27.2,48.8,67.6,44.2,61.6,62.1,64.9,62.9,58.2,42.3,37.7,47.2,74.8,37.2,47.3,37,38,57,48,48,39,61,46,54,54,58,58,64,54,39,41,39,47
Kolkata,C0283,711302,17,22.5943202,88.2437502,,24.6,75.8,0,,86.2,53.3,45.9,9.8,53,10.3,37.8,19.4,39.2,28.9,29.8,18.9,35.1,41,37,38,0,0,48,39,61,46,54,54,58,58,64,54,39,41,39,47
Kolkata,C0284,700015,9,22.5563167,88.388763,,214,269.9,117.1,123.2,172.4,41.4,6.4,33.5,25.7,71.1,43.3,18,38,43.8,15.9,36.4,24.2,40.4,62,62,45,47,53,49,53,56,44,42,47,49,51,47,40,38,40,43
Kolkata,C0285,700074,9,22.6200824,88.4012297,,19.6,16.1,22.1,20.4,32,60.2,48.1,44.7,12.5,37.3,32,49,31.6,34.7,32.4,31,17,35.8,60,53,34,31,41,31,38,31,31,31,31,31,28,25,19,17,19,22
Kolkata,C0286,700045,7,22.5121451,88.3636952,,17.4,62,0,42.8,8.4,32.5,28.4,27.5,30,20.1,24.5,14.8,32.7,14.8,46.9,11,55.2,34.1,28,44,0,37,32,36,36,27,29,26,26,23,27,27,21,22,21,24
Kolkata,C0287,700046,6,22.543113,88.370998,,241.3758929,252.6042614,,,,27,28.4,28.6,36.7,72,34.4,36,46.1,46.7,45.1,30.6,46.3,32.6,0,0,0,0,0,64,66,67,67,63,60,60,63,58,52,54,52,56
Kolkata,C0288,700033,17,22.4929402,88.3427552,,20,33.1,0,45.4,12.5,63,18.5,52.5,24.6,29.5,34.8,11,14.1,35.7,15.8,17.8,12.1,31,56,56,0,63,7,50,60,64,59,63,65,61,62,64,59,60,58,61
Kolkata,C0289,700095,12,22.494587,88.3616811,,13.9,38.3,35.3,10.5,32,36.3,24.8,31.8,44.9,30.9,30.5,24.5,24,71.7,82.7,36.3,22,30.7,25,29,50,58,55,52,50,50,56,54,54,52,58,51,41,39,41,46
Kolkata,C0290,700104,6,22.440831,88.29813,,5.7,9.5,25.2,1.8,11.1,8.1,8.7,9.9,3.5,30.9,16.5,19,20.7,52.9,32.1,29.2,38.8,30.4,56,56,57,63,7,50,60,64,59,63,65,61,62,64,59,61,59,61
Kolkata,C0291,700047,6,22.4660129,88.3928446,,21.2,26.7,,34.8,43.7,33.7,17.9,43.4,25.5,17.2,8.9,21.7,34.8,26.5,30.3,23.4,20.4,29.2,37,38,0,48,48,39,61,46,54,54,58,58,64,54,39,41,39,47
Kolkata,C0292,700084,22,22.459523,88.399981,,241.3758929,4.1,0,26,52.9,54.5,32.7,32,37.5,34.6,33.7,28.3,22.2,38.5,42.8,39,37.5,23.9,0,61,0,28,22,28,17,33,22,33,17,28,33,39,22,24,22,28
Kolkata,C0293,700029,4,22.5139921,88.357384,,34.6,22.6,0,5.3,11.5,36.4,36.5,24.5,37.9,51.9,34.6,29.5,32.4,24.8,17.2,31.7,31.6,22.5,25,29,0,58,55,52,50,50,56,54,54,52,58,51,41,39,41,46
Kolkata,C0294,700046,6,22.543612,88.387147,,241.3758929,252.6042614,,,,14.6,25.1,32.6,25.3,7.6,27.6,19.2,17,24.3,14,27,21.1,16.7,0,0,0,0,0,42,45,41,46,48,46,48,49,46,46,44,46,46
Kolkata,C0295,711102,20,22.569442,88.312673,,7.8,29.3,0,,55.7,14.6,15.1,49.6,26.8,20.5,54,2.7,16.9,0,18.5,,11.5,15,36,36,0,0,46,44,43,43,43,42,0,43,40,0,37,0,37,37
Kolkata,C0296,700029,8,22.5270536,88.3527005,,37,19.5,0,25.3,16.1,18.4,11,35.7,37.5,23,13.3,15.2,24,23.7,29,23.9,17.8,14.8,56,56,0,63,7,50,60,64,59,63,65,61,62,64,59,61,59,61
Kolkata,C0297,700084,11,22.460363,88.4013398,,11.7,27.6,,10.5,20.9,13.8,13.2,17.2,15.1,22.1,14.7,9.8,11.4,41.6,46.4,19.7,30.5,14.3,45,47,0,47,53,49,53,56,44,42,47,49,51,47,40,41,39,44
Kolkata,C0298,700135,5,22.56553,88.51349,,241.3758929,252.6042614,,,,18.8,1.5,,1.7,3.8,11.6,10.8,11.1,5.9,5.5,28,8.4,11.9,0,0,0,0,0,87,85,0,87,87,85,85,83,86,86,84,86,85
Kolkata,C0299,700015,5,22.559192,88.380262,,241.3758929,252.6042614,,,,12.4,8.6,8.5,35.2,4.3,33,21.8,10.4,29,16.4,9.6,12.9,10.3,0,0,0,0,0,33,33,33,33,33,33,33,33,33,33,35,33,33
Kolkata,C0300,700033,9,22.5030032,88.3453809,,11.4,0,0,0,1.7,30,12.1,11.2,0,29.4,18.4,10,7.7,16.4,8.5,20.7,28.8,9,54,0,0,0,62,46,57,57,0,57,57,57,57,43,50,48,50,50
Kolkata,C0301,700054,16,22.5799212,88.3974452,,241.3758929,23.6,10.2,31.4,11.9,2.9,5.3,35,21.5,2.6,0,6.1,,4.8,2,,,7.8,0,67,73,70,68,68,60,70,75,65,0,49,0,72,65,0,0,67
Kolkata,C0302,743144,4,22.572646,88.363895,,2.6,1.4,0,,28.4,9.8,11.5,13.5,7.7,11.3,13.8,8.3,5.4,,9,10,16,0,56,63,0,0,53,56,63,58,58,49,53,51,50,0,51,49,51,0
Kolkata,C0303,711403,14,22.615313,88.287535,,18,1.4,0,,26.2,,5,0,2.7,1,0,,0,,0,,2.7,,41,41,0,0,41,0,41,0,42,43,0,0,0,0,0,0,42,0
Mumbai,C0304,400101,100,19.1949855,72.8751127,,334.3,218.8,354.3,290.9,232.2,367.1,267.1,306.4,436.3,290.7,307.7,233.9,240,250.6,250.2,220.5,220.9,354.2,37,38,57,48,48,39,61,46,54,54,58,58,64,54,39,40,39,47
Mumbai,C0305,400614,149,19.019952,73.037157,,241.3758929,252.6042614,,,,,,,,,,0,30.2,60.8,58.5,108.1,306.5,297.6,0,0,0,0,0,0,0,0,0,0,31,0,28,25,19,20,19,22
Mumbai,C0306,400101,94,19.1965002,72.877464,,256.3,138.7,186.7,212.8,197.3,250.7,197.8,245.8,230.4,176.4,239.3,203.9,201.7,210.8,207.1,183.6,196.5,288.5,62,62,45,47,53,49,53,56,44,42,47,49,51,47,40,38,40,43
Mumbai,C0307,410206,135,18.996528,73.11489,,241.3758929,252.6042614,,,,,,78.5,163.3,81.7,113.9,180.6,188.3,387,207.3,179.6,152.9,266.8,0,0,0,0,0,0,0,54,53,50,51,50,50,50,47,45,47,48
Mumbai,C0308,400028,67,19.0153028,72.8372408,,227.5,116.6,234.4,230.6,192.1,300.3,203.2,267.4,239.7,184.9,250.8,217.1,192.4,239.9,241.7,239,281.2,254.4,43,37,39,28,22,28,17,33,22,33,17,28,33,39,22,23,21,28
Mumbai,C0309,400063,56,19.1550326,72.8552438,,126,100.4,119.4,80.4,78.2,169,103.7,146.6,161.5,116.2,144.2,145.7,116.9,113.3,149.8,135.2,155.6,215.5,25,23,62,62,62,46,57,57,50,57,57,57,57,43,50,48,50,50
Mumbai,C0310,400706,83,19.0411973,73.0095175,,180.9,212.2,163.4,168.4,245.6,209.9,155.4,321.8,217,252.8,217.4,181.8,211,274.6,199.7,234,237.6,210.7,71,61,39,28,22,28,17,33,22,33,17,28,33,39,22,23,22,28
Mumbai,C0311,400016,67,19.0282347,72.8785587,,145.7,147.4,261.3,122.1,147.6,303,150.4,322.9,180.6,143.1,269.2,205.8,170.8,249.7,184.5,144.2,231.1,207.4,14,19,39,28,22,28,17,33,22,33,17,28,33,39,22,20,22,27
Mumbai,C0312,410206,119,18.99238828,73.13692662,,241.3758929,252.6042614,,,,,,,,,,,,215.1,172.7,187.8,255.2,192.1,0,0,0,0,0,0,0,0,0,0,17,0,0,39,22,23,22,27
Mumbai,C0313,400080,95,19.168845,72.936237,,241.3758929,252.6042614,,84.8,145.8,292.6,194.8,249.3,262.3,229.9,296.5,192.9,248.1,217.8,195,265.3,248,188.5,0,0,0,63,7,50,60,64,59,63,65,61,62,64,59,61,59,61
Mumbai,C0314,400022,239,19.034407,72.870215,,241.3758929,252.6042614,8.6,25.6,51,63.7,62.1,93.8,144.7,157.7,379.2,292.1,204.7,374.5,298.8,198.1,189.5,181.2,0,0,43,42,42,42,45,41,46,48,46,48,49,46,46,44,46,46
Mumbai,C0315,410210,74,19.0473216,73.0699046,,181.4,130.2,196.7,159.8,172.6,165.2,169.7,232.1,144.5,197.4,172.2,137,128.7,222.9,200.2,162,279,180.9,60,53,34,31,41,31,38,31,31,31,31,31,28,25,19,17,19,22
Mumbai,C0316,410218,236,19.0372683,73.1029506,,241.3758929,16.6,35.8,109.2,42.8,16.6,0,25,0,5.2,0,0,80.7,167.3,124.1,122.3,162.4,178.7,0,29,50,58,55,52,0,50,0,54,54,0,58,51,41,39,41,46
Mumbai,C0317,410210,46,19.0498079,73.0743781,,27.2,25.3,35.6,33.6,32.1,50.5,57.5,120.5,90,125.8,95.8,69.5,77.7,119.9,94.3,111,210,174.9,56,56,57,63,7,50,60,64,59,63,65,61,62,64,59,60,59,61
Mumbai,C0318,410210,28,19.0437297,73.0617416,,123.1,87,166.7,149.4,144.3,141.4,142.9,267.6,146,155.7,129.5,97.4,123,128.4,103.5,98.6,158.4,169.3,56,58,58,53,53,56,63,58,58,49,53,51,50,55,51,49,51,51
Mumbai,C0319,400028,51,19.0180718,72.843418,,110.6,125.3,133.5,171.3,118.5,264.4,244.2,244.7,214.9,178.5,197.3,140.8,106.5,152.2,169.4,140.4,165,164,45,47,19,19,19,19,19,19,19,19,13,19,13,19,13,11,13,14
Mumbai,C0320,400014,12,19.013015,72.843586,,241.3758929,252.6042614,,,,,,,,10.5,12.2,16.3,92.6,60,64.8,76.8,61,158.8,0,0,0,0,0,0,0,0,0,63,60,60,63,58,52,50,52,55
Mumbai,C0321,400042,80,19.1296111,72.9333539,,151.9,77.3,133.7,175.7,110.5,194.8,134.6,173.2,315.6,134.7,138.4,141.4,161.4,162.9,124,183.3,124.6,151.1,25,25,43,42,42,42,45,41,46,48,46,48,49,46,46,44,46,46
Mumbai,C0322,410206,100,18.972009,73.0348229,,113.9,142,94.7,125.3,149.8,125.9,142.3,192.2,177.8,153.7,162.1,105.8,126.8,135.4,118.8,120.3,192.4,147.8,20,40,100,100,100,100,100,100,100,100,100,100,100,100,100,100,100,100
Mumbai,C0323,410210,58,19.0483796,73.0749396,,109.9,108.8,141.9,109.3,156.8,106,100,127.5,71.3,92.7,88.4,82.4,82.2,78,54,105.8,139.7,146,75,75,48,46,43,45,41,44,46,45,45,45,44,45,44,42,44,44
Mumbai,C0324,400101,100,19.199247,72.8736881,,150.8,97.9,122.9,107.8,101.6,136.1,122.5,172.9,166.3,121.7,164.7,114.1,112.8,109.6,110.9,173.3,103.2,137.7,56,63,30,30,30,26,26,30,22,22,29,36,32,36,36,34,36,35
Mumbai,C0325,400028,39,19.0161228,72.8360206,,115.1,66.4,146.7,174.5,117.7,159.4,111.6,158.6,157.8,136.9,185.2,132.2,107.9,114,146.7,117.3,146.1,125.1,48,49,29,29,29,29,29,21,29,29,29,29,29,29,29,27,29,29
Mumbai,C0326,400614,61,19.034237,73.043801,,241.3758929,252.6042614,,,,,,,,,,0,53,121.7,50.6,56.4,122.5,122.3,0,0,0,0,0,0,0,0,0,0,31,0,28,25,19,21,20,23
Mumbai,C0327,400101,21,19.1970373,72.8706072,,108.2,55.8,81.4,73,73.3,97.5,89.5,103.9,71.8,68.2,87.4,67.3,69.8,60.2,54,75.8,84.3,120.7,25,29,50,58,55,52,50,50,56,54,54,52,58,51,41,39,41,46
Mumbai,C0328,400614,36,19.033787,73.04523,,241.3758929,252.6042614,,,,,,,,,,0,41.7,76.6,94.6,72.6,92.6,119.8,0,0,0,0,0,0,0,0,0,0,17,0,33,39,22,20,22,27
Mumbai,C0329,400042,57,19.1307386,72.9362378,,75.5,78.6,67.6,77.9,55.9,111.5,107.6,130.3,156.9,63.8,75.9,70.9,75.4,61.3,48.5,106,47.3,111.3,71,61,38,65,29,64,66,67,67,63,60,60,63,58,52,50,52,55
Mumbai,C0330,400071,43,19.0522603,72.9093762,,69,85.2,83.3,82.7,79.3,106.1,106.9,208,101.3,171.9,150.2,97.6,108.7,133,110.1,87.5,107.5,107.5,80,80,69,67,69,71,69,68,71,68,75,68,66,68,68,69,67,68
Mumbai,C0331,400063,17,19.163562,72.85158,,241.3758929,252.6042614,,,,,27,53.2,68.4,56.3,81,70.6,66.6,77.2,94.6,43.9,48.7,106.6,0,0,0,0,0,0,66,67,67,63,60,60,63,58,52,53,51,55
Mumbai,C0332,400086,47,19.0988126,72.9181878,,51.3,38.5,59,74.9,61.2,99.3,68.9,78.3,71.7,60,65.8,59.9,103,65.1,68.1,80.4,74.7,100.5,37,38,57,48,48,39,61,46,54,54,58,58,64,54,39,37,39,47
Mumbai,C0333,400701,38,19.1202357,72.9912797,,88.8,96.4,107.6,72.8,194.9,74,116,217.5,101.4,122.2,89.8,113.2,87,151,72.5,83,140.4,96.9,32,32,53,58,51,53,55,53,51,55,54,54,56,52,55,53,55,54
Mumbai,C0334,400014,11,19.0192168,72.8472356,,28.8,19,32,29,56,33.2,30.2,12.9,83.2,22.8,16,43.1,65.3,28.9,42.7,29.2,33.5,84.2,28,44,33,37,32,36,36,27,29,26,26,23,27,27,21,22,20,23
Mumbai,C0335,400706,36,19.0136872,73.0124308,,50.9,63.4,67.2,94,106.4,56,76.5,167.9,80.3,98.8,67.2,81.7,73.3,86.2,48.1,60.9,69.6,78.8,28,44,33,37,32,36,36,27,29,26,26,23,27,27,21,19,21,23
Mumbai,C0336,410206,36,18.970872,73.014066,,241.3758929,252.6042614,,,,,,,,,,0,70.7,78.6,74.7,77.7,115.6,76.4,0,0,0,0,0,0,0,0,0,0,26,0,27,27,21,19,21,23
Mumbai,C0337,400075,17,19.078908,72.907908,,241.3758929,252.6042614,,,,,,,,,35,51.2,130.1,53.2,38.1,47.8,60.4,74.6,0,0,0,0,0,0,0,0,0,0,31,31,28,25,19,17,19,22
Mumbai,C0338,400074,50,19.0394142,72.9003047,,46.1,33.9,36.8,49.1,39.7,51.1,86,86.7,51,66,68.5,74.9,67.2,122.3,57.5,70.8,64.9,70.9,28,44,33,37,32,36,36,27,29,26,26,23,27,27,21,19,21,23
Mumbai,C0339,410210,30,19.0716827,73.0756064,,51.5,26.6,89.5,60.1,127.4,55.7,73.1,110.1,71.8,76.3,99.4,65.6,107,69.6,53.9,116.9,93.3,70.7,71,61,39,28,22,28,17,33,22,33,17,28,33,39,22,24,22,28
Mumbai,C0340,400016,46,19.0338855,72.846497,,46.1,58.3,64.6,61,43.9,50.8,35.6,105.2,53.2,56.6,77.8,60.5,60.1,64,98.4,48.7,78.7,69.1,43,37,39,28,22,28,17,33,22,33,17,28,33,39,22,24,22,28
Mumbai,C0341,400042,29,19.154725,72.948424,,241.3758929,252.6042614,1.7,0,54.2,56.7,46.9,67.7,55.5,41.2,55.9,50.9,87.8,80.7,52.8,77.9,62.5,68.2,0,0,45,0,53,49,53,56,44,42,47,49,51,47,40,38,40,43
Mumbai,C0342,400012,44,18.9999828,72.84684,,20.5,60,30.5,19.6,29.6,98.4,62,139.1,70.2,40.3,118.2,82.7,61.1,31.9,39.5,41.9,42.3,62.7,71,61,33,37,32,36,36,27,29,26,26,23,27,27,21,19,21,23
Mumbai,C0343,400101,22,19.2015229,72.8761016,,10.8,8.6,11.6,19.8,15.3,29.5,15.2,27.4,35,14.8,25,10.2,17.2,46,25.3,24.1,34.2,62.2,60,53,34,31,41,31,38,31,31,31,31,31,28,25,19,20,18,22
Mumbai,C0344,400014,11,19.0138181,72.843938,,43.3,23.6,33.6,30,43.5,54.7,34.3,60.6,38.1,50.1,38.3,33.1,53.6,35.2,46.9,48.3,46.3,61.2,28,44,33,37,32,36,36,27,29,26,26,23,27,27,21,22,20,23
Mumbai,C0345,410210,30,19.0343142,73.0610038,,26.1,28.9,36.9,26.5,36.7,40.5,28.5,65.2,39.2,43.8,52.6,44.7,43.2,51.9,35.4,46.7,46.8,59.9,43,37,39,28,22,28,17,33,22,33,17,28,33,39,22,20,22,27
Mumbai,C0346,400070,26,19.056934,72.882288,,241.3758929,252.6042614,,,,,,,,34.4,31.7,47.7,44.3,31.4,34.6,38.2,26.6,58.2,0,0,0,0,0,0,0,0,0,33,17,28,33,39,22,24,22,28
Mumbai,C0347,400706,20,19.0311122,73.0262743,,43.4,57.7,62.8,62.5,59.9,64.9,50,53.8,94.7,57.1,61.4,46.9,59.8,63.9,65,54.1,66,56.9,56,56,57,63,7,50,60,64,59,63,65,61,62,64,59,61,60,61
Mumbai,C0348,400614,30,19.03494073,73.0434421,,241.3758929,252.6042614,,,,,,,,,,,,,,45.9,46,56.7,0,0,0,0,0,0,0,0,0,0,30,0,0,0,0,26,24,25
Mumbai,C0349,400086,32,19.0363194,73.0154376,,11.4,21.6,23.1,20.5,55.5,20.5,23.9,41.4,30.3,56.5,35.6,34,21.8,45.8,21.3,33.8,52.9,53,37,38,57,48,48,39,61,46,54,54,58,58,64,54,39,40,38,47
Mumbai,C0350,400016,8,19.0379289,72.842995,,12.5,16.7,34,25.6,21.6,29.7,29.6,69,51.2,34.1,48.4,32.6,34.5,34.8,34.5,32.7,27,51.1,56,56,57,63,7,50,60,64,59,63,65,61,62,64,59,60,59,61
Mumbai,C0351,400037,12,19.0144995,72.8618577,,64.4,37.7,52.4,26.9,37.4,67.1,49.5,81.3,63,38.1,46.6,48.6,43.3,46.9,44.1,38.6,62.8,48.6,71,61,39,28,22,28,17,33,22,33,17,28,33,39,22,23,21,28
Mumbai,C0352,410210,18,19.1153798,72.9091436,,0,0,8.7,20.4,33.4,27.7,36.3,59.5,27.9,28.6,37.5,21,24.6,46.4,30.6,31.1,45.2,47.3,0,0,45,47,53,49,53,56,44,42,47,49,51,47,40,38,40,43
Mumbai,C0353,410206,21,18.99329081,73.11375978,,241.3758929,252.6042614,,,,,,,,,,,,25.7,25.1,37.8,49.4,43.5,0,0,0,0,0,0,0,0,0,0,29,0,0,31,35,33,35,34
Mumbai,C0354,400706,16,19.0432593,73.0192428,,19.9,13.8,15.2,25.6,4.3,20.3,28.5,22.7,21.9,9.4,19.3,29.7,15.8,15.4,19.2,19.4,19.1,42.6,62,62,45,47,53,49,53,56,44,42,47,49,51,47,40,41,39,44
Mumbai,C0355,400028,7,19.0247832,72.8368615,,27.8,26.3,22.5,18.6,29,35.1,33.1,62.6,41.8,33.8,39.2,39.2,57.6,36.2,47.3,33.3,50.6,41.2,28,44,33,37,32,36,36,27,29,26,26,23,27,27,21,19,21,23
Mumbai,C0356,400071,6,19.0562677,72.8972339,,18,30.1,19.1,18.7,42.2,23.6,23.6,61.5,24.6,29,26.4,24.1,25.4,50.8,29.8,31.2,28.5,40.7,37,38,57,48,48,39,61,46,54,54,58,58,64,54,39,40,39,47
Mumbai,C0357,400028,10,19.1089803,72.8429597,,15.8,10.3,38.1,19.1,15.8,41.1,42.9,42.7,26.8,35.8,44.1,36.2,38.1,30.6,40.6,30.3,38.1,40.4,43,37,39,28,22,28,17,33,22,33,17,28,33,39,22,24,23,28
Mumbai,C0358,400016,15,19.0403297,72.8395297,,9.1,16.9,18.6,15,11.7,15.8,7.8,27.9,22.9,23.7,39.8,35.8,57.5,40.4,74.8,46,34.3,40.1,37,38,57,48,48,39,61,46,54,54,58,58,64,54,39,37,39,47
Mumbai,C0359,400028,20,19.0199629,72.8378532,,44.7,24.5,43.4,31.9,50,49.2,41.5,56.8,47,42.5,40.5,38,29.6,38.9,39.1,26.9,51.7,37.7,25,29,50,58,55,52,50,50,56,54,54,52,58,51,41,42,41,47
Mumbai,C0360,400028,18,19.021942,72.8378313,,46.7,20.9,51.3,31.9,36.6,44.4,33.2,58.1,38.4,32.6,55.5,42.4,37.3,52.6,52.3,31.6,32.6,36.7,62,62,45,47,53,49,53,56,44,42,47,49,51,47,40,38,40,43
Mumbai,C0361,400071,9,19.0581188,72.8999375,,25.9,45,50.8,42.1,29.5,33.1,40.5,56.1,49.9,37,34.1,47.3,54.5,73.9,40.8,63.8,38.8,35.5,56,56,57,63,7,50,60,64,59,63,65,61,62,64,59,57,59,60
Mumbai,C0362,400016,13,19.0364347,72.8418861,,14.8,20,20.4,26,18.1,23.6,11.3,83.5,29.9,41.2,24,38.6,23.1,23.2,43.2,17.2,30.3,31.4,56,56,57,63,7,50,60,64,59,63,65,61,62,64,59,57,59,60
Mumbai,C0363,400028,12,19.0150173,72.8346509,,20.9,11.3,33.1,31,32,34.8,26.3,56.3,38.1,24.7,31.8,24.9,27.6,22.6,24.1,20.1,37,30.9,43,37,39,28,22,28,17,33,22,33,17,28,33,39,22,20,22,27
Mumbai,C0364,410210,11,19.0467872,73.0672841,,22.7,14.4,21.1,9.3,21.7,24.6,30.1,20.5,19.1,25.5,22.1,19.8,16.5,26.4,10.4,19.8,23.7,30.7,37,38,57,48,48,39,61,46,54,54,58,58,64,54,39,40,38,47
Mumbai,C0365,400706,12,19.0338457,73.0195871,,20.9,23.3,10.7,20.8,20.3,19.3,18.9,42,23.9,26.6,29.9,17.4,25.1,30.1,11.9,14,33.4,30.4,37,38,57,48,48,39,61,46,54,54,58,58,64,54,39,37,39,47
Mumbai,C0366,400028,10,19.0253013,72.8392096,,19,11.5,16.7,18.3,17.2,31.6,23.5,30.4,51.4,20.3,38.4,17.5,15.3,11.2,15.2,21.9,37.7,30.3,62,62,45,47,53,49,53,56,44,42,47,49,51,47,40,38,40,43
Mumbai,C0367,410210,12,19.037803,73.058764,,241.3758929,252.6042614,,,,,,,,12.2,41,20,30.4,37.7,28.2,34.4,33.9,29.9,0,0,0,0,0,0,0,0,0,31,31,31,31,30,33,31,33,32
Mumbai,C0368,410210,13,19.047952,73.070406,,241.3758929,252.6042614,,,,,,,,,18.8,27.9,13.5,19.1,18,15.9,21.4,29.9,0,0,0,0,0,0,0,0,0,0,64,57,71,64,57,55,57,61
Mumbai,C0369,400076,21,19.1166798,72.9036267,,9.1,1.3,11.8,20,10,15.8,4.5,23.6,34.1,22.9,30.4,37.5,38.1,32.2,31.9,23.1,29.8,29.6,28,0,33,37,32,36,36,27,29,26,26,23,27,27,21,23,21,24
Mumbai,C0370,400703,9,19.0802765,72.9996856,,16.2,22.8,15.7,24.8,29.5,16.3,17.1,46.5,22.6,25.1,16.4,13.6,25.9,27.3,21.6,35.6,17.2,29.6,56,56,57,63,7,50,60,64,59,63,65,61,62,64,59,57,59,60
Mumbai,C0371,400101,11,19.1979771,72.8724918,,12.2,10.1,12.6,10.3,15.5,14.4,12.2,21.6,36.5,27.5,25.9,21.1,17.3,20.1,23.1,18.1,23.6,26.6,37,38,57,48,48,39,61,46,54,54,58,58,64,54,39,40,39,47
Mumbai,C0372,400063,12,19.023309,72.839964,,241.3758929,252.6042614,,,,62.2,54.9,45.9,85.2,56.5,54.2,36.6,15,24.3,21.2,23.7,16.7,26.4,0,0,0,0,0,52,50,50,56,54,54,52,58,51,41,42,40,46
Mumbai,C0373,410206,7,18.976003,73.031968,,241.3758929,252.6042614,,,,,5,3.6,0,4.1,0,2.4,1.7,0,3.3,2,1.5,25.5,0,0,0,0,0,0,80,80,0,75,75,80,75,0,80,82,80,79
Mumbai,C0374,400703,30,19.0850878,73.0076796,,14.2,27.6,18.6,12.9,11.8,22.8,28.1,40.2,13.4,38.7,21.2,18.7,8.4,28.2,9,11.3,21.2,25,43,37,39,28,22,28,17,33,22,33,17,28,33,39,22,24,23,28
Mumbai,C0375,400614,7,19.031657,73.044509,,241.3758929,252.6042614,,,,,,,,,,,16.7,34,18.6,29.8,31.6,24.6,0,0,0,0,0,0,0,0,0,0,52,0,48,47,47,45,47,47
Mumbai,C0376,400104,11,19.1662209,72.8526263,,22.6,8.9,10.5,29.3,59.7,73,101.2,28,62.8,18,13.4,26,25.3,29.5,31.6,19.9,24,22.4,71,61,33,37,32,36,36,27,29,26,26,23,27,27,21,19,21,23
Mumbai,C0377,410206,22,18.976328,73.032647,,241.3758929,0,5,3.2,4.3,2.2,0,19.4,47,23.5,25.9,25.8,21.8,22.3,4,20.3,28,21.2,0,0,19,19,19,19,0,19,19,19,13,19,13,19,13,15,13,15
Mumbai,C0378,400101,5,19.2012656,72.8661949,,21.7,16.8,21.7,36,19.6,48.3,18.4,24.1,24,12.8,24.3,23.7,12.3,19.8,23.3,13,24.7,20.3,14,19,39,28,22,28,17,33,22,33,17,28,33,39,22,20,22,27
Mumbai,C0379,400028,9,19.0158953,72.8374448,,28.2,7.1,14.1,7.8,16.1,18.9,17.2,39.4,18.5,26,25.6,25.3,14.3,35,27.4,91.9,14.1,20.1,37,38,57,48,48,39,61,46,54,54,58,58,64,54,39,37,39,47
Mumbai,C0380,400101,3,19.2004765,72.8736892,,14.7,7.2,0,5,0,5.6,21.7,0,9.5,7.1,6.1,0,0,2.9,6.5,5.6,4.5,19.8,69,67,0,70,0,68,60,0,75,65,68,0,0,76,60,62,61,64
Mumbai,C0381,410210,15,19.0723931,73.0712411,,2.5,13.9,17.2,16.2,19.4,22.5,24.9,30.3,27,15.4,20.1,10.5,8.2,25.3,27.6,15,17.7,19.8,49,55,34,35,32,35,39,33,34,30,32,43,40,39,34,36,35,37
Mumbai,C0382,400071,8,19.05304,72.892911,,241.3758929,252.6042614,,,,,,,,,,20.6,25,60.8,33.3,22,38.9,19.8,0,0,0,0,0,0,0,0,0,0,29,29,29,29,29,27,29,29
Mumbai,C0383,410210,11,19.047673,73.065833,,12.9,7.9,10,15,13.1,14.2,9.6,14.4,12.4,20.4,18.9,16.1,17.2,17.5,25.1,15.5,17.1,18.8,25,25,43,42,42,42,45,41,46,48,46,48,49,46,46,44,46,46
Mumbai,C0384,410209,14,19.022133,73.091341,,241.3758929,252.6042614,,,,,,0,26.3,12.6,16.3,3.4,8.6,8.8,11,17.2,22.3,18.6,0,0,0,0,0,0,0,0,87,87,54,54,56,52,55,56,55,55
Mumbai,C0385,400089,13,19.0682673,72.8973302,,41.1,36.3,24.7,23.9,22.5,19.5,11.2,30.4,33.7,20.4,18.8,38.4,21.2,44.4,0,19.7,23.9,18.4,71,61,39,28,22,28,17,33,22,33,17,28,33,39,0,23,22,28
Mumbai,C0386,400028,6,19.0203779,72.8313611,,14.7,7.1,27.3,11.9,19.4,46.7,22.5,26.9,28.2,19,16.5,13.2,9.5,20.9,13.1,16.1,19.8,17.4,71,61,38,65,29,64,66,67,67,63,60,60,63,58,52,50,52,55
Mumbai,C0387,400706,18,19.0410867,73.0185707,,18.1,30.6,9.9,12.8,7.4,40.7,11.3,44.2,37,45.3,15.1,12.7,14.9,15.6,31.1,22.5,33.2,16.6,71,61,38,65,29,64,66,67,67,63,60,60,63,58,52,53,51,55
Mumbai,C0388,410210,21,19.0439138,73.0656152,,12.8,14.8,17.8,19.4,14.4,23.9,17.6,41,17,0,12.2,7.3,5,27.3,10.5,13.7,17.9,16.5,44,43,53,51,48,48,48,44,46,0,38,38,40,47,29,30,29,35
Mumbai,C0389,410210,18,19.0696274,73.0705033,,18.3,15,12.8,22.8,24.4,19.1,11,21.4,27.1,21.1,29.8,14.5,25.2,42.4,13.1,21.3,18.5,16.3,28,44,33,37,32,36,36,27,29,26,26,23,27,27,21,19,21,23
Mumbai,C0390,410210,25,19.070842,73.071607,,241.3758929,19,35.4,22.6,13.2,18.2,3.8,62.9,8.8,14.4,9.7,23.9,16.6,23.2,5.4,9.4,14.9,15.3,0,47,19,19,19,19,19,19,19,19,13,19,13,19,13,11,13,14
Mumbai,C0391,400028,7,19.0161228,72.8360206,,33.8,13.4,24.8,21.6,10.3,23.7,9.2,29.2,10.6,13.9,13.9,15.8,10.3,19.7,18.1,19.5,22.8,14.9,25,25,43,42,42,42,45,41,46,48,46,48,49,46,46,47,45,47
Mumbai,C0392,410210,31,19.0372931,73.0685488,,14.7,16.3,45.8,20.3,22.9,28.7,19.4,31,31.3,16.5,41,19,28.6,25.6,19.3,16.4,26.6,14.6,28,44,33,37,32,36,36,27,29,26,26,23,27,27,21,23,21,24
Mumbai,C0393,400081,13,19.1725542,72.942537,,48.2,51.3,47.4,72.4,46.4,83.8,81.5,66.8,74,47.4,18.7,32.6,51.9,21.4,49.6,56.1,33.1,14.6,37,38,57,48,48,39,61,46,54,54,58,58,64,54,39,37,39,47
Mumbai,C0394,400706,8,19.045077,73.013337,,241.3758929,21.4,15.4,25.9,38,9.7,17.3,50,29.8,42.3,21.8,16.4,8.3,11.5,15.4,11,10.5,14.4,0,29,50,58,55,52,50,50,56,54,54,52,58,51,41,39,41,46
Mumbai,C0395,410210,10,19.0273563,73.0223973,,6.7,5.9,14,13.1,12.9,12,8.2,15.3,12.9,9.2,15.6,18.8,7.8,17.2,11.5,9,12.6,14.3,48,49,48,49,45,46,52,49,42,51,46,46,43,41,43,45,44,43
Mumbai,C0396,400089,16,19.0685168,72.9049213,,2.4,0,10,12.9,4.8,2.2,30.7,10.5,4.9,9.9,4.2,7.8,3.3,10.4,12.8,17.8,10.9,14.1,87,0,88,87,89,87,85,85,87,87,46,44,44,42,44,42,44,43
Mumbai,C0397,400028,5,19.0161228,72.8360206,,3.4,8.6,27.9,15.9,19.4,19.3,8.3,31.9,16.1,20.9,22.2,24.7,19.6,22.8,30.9,15.5,27.2,13.6,28,44,33,37,32,36,36,27,29,26,26,23,27,27,21,19,21,23
Mumbai,C0398,400014,5,19.0208988,72.8479155,,20.6,8.4,11.6,11.6,7.6,19.4,18.1,19.7,16.4,14.4,8.4,11.1,19,10.2,3.9,8.1,10.9,12.3,43,43,43,43,43,43,33,44,44,44,44,44,44,44,44,42,44,44
Mumbai,C0399,400028,10,19.0157715,72.8351389,,13.2,11.9,16.8,6.3,0,12.1,12,17.2,11.2,13.9,24.3,3.7,13.8,17.8,9.8,11,17.3,11.5,20,40,40,40,0,60,40,40,40,40,40,40,40,60,20,21,19,32
Mumbai,C0400,400706,14,19.0135995,73.02344,,16.9,19,18.7,17.1,33.2,17.8,16.8,10.7,8.6,18,10.8,9.6,15.3,10.7,9.5,8.8,16.5,10.4,30,27,19,19,19,19,19,19,19,19,13,19,13,19,13,14,12,14
Mumbai,C0401,400028,6,19.0159394,72.8364314,,7.8,5.2,26.2,4.7,9.1,17,12.8,18,16.8,8.3,14.1,8.7,10.9,9.9,8.7,8.9,14.3,10.1,33,37,30,30,30,26,26,30,22,22,29,36,32,36,36,34,36,35
Mumbai,C0402,400101,7,19.209688,72.8713018,,9.9,0,0,0,3.7,9.8,4.6,9.7,9,4.3,9.4,4.7,2.4,7.3,7.9,2.8,6.9,8.7,60,0,0,0,53,53,53,54,53,50,51,50,50,50,47,45,47,48
Mumbai,C0403,400706,11,19.0388469,73.0273719,,5,6.7,7.4,0,11.8,13.3,5.8,13.7,12.8,0,17.7,7,0,18,18.7,7.6,9.7,8.5,72,74,70,0,66,56,61,53,55,0,41,35,0,48,38,40,39,41
Mumbai,C0404,410210,16,19.0518546,73.072417,,10.8,10.3,20.6,11.8,29.4,4.9,9.9,15.6,12.9,6.6,10.2,18.3,12.6,41.4,7.2,13.4,8.5,8.1,75,75,50,50,50,50,25,50,50,50,25,25,25,25,50,48,50,40
Mumbai,C0405,410210,17,19.0462249,73.0836429,,6.5,6.5,9.6,11.8,10.7,18.4,7.1,12.5,6.1,8.7,8.5,13.2,10.8,11.7,10.9,3,9.6,5.6,32,32,17,22,18,18,16,20,16,23,28,31,27,29,28,30,28,28
Mumbai,C0406,410206,9,18.973928,73.028245,,241.3758929,252.6042614,,,,0,9.2,6.3,8.8,10.5,2.9,11.7,0,0,4.3,10.5,26.4,5.4,0,0,0,0,0,0,69,68,71,68,75,68,0,0,68,69,67,68
Mumbai,C0407,400101,18,19.1979771,72.8724918,,8.9,4,2.7,0,0,0,3.3,3.6,4.4,4.3,3.9,4.1,3.7,3.4,4.9,3.8,4.3,4.3,80,80,80,0,0,0,76,78,75,78,79,77,78,79,76,74,76,76
Mumbai,C0408,400101,1,19.1989691,72.8724097,,6.4,2.5,0,7.2,0,6.3,2.7,0,2.4,7.3,6.7,0,5.2,0,3.8,0,2.5,0,48,50,0,46,0,45,41,0,46,45,0,0,44,0,44,0,44,0
Mumbai,C0409,400037,14,19.027621,72.879737,,241.3758929,252.6042614,1.3,3.5,8.1,5.7,9.2,17.7,5,7.7,0,0,0,0,0,0,0,0,0,0,29,29,31,26,29,26,30,27,0,0,0,0,0,0,0,0
Mumbai,C0410,400024,48,19.06258,72.882163,,241.3758929,252.6042614,,,,0,43.9,40.1,26.9,1,9.5,8.7,0,15.6,0,0,0,0,0,0,0,0,0,0,55,53,51,55,0,76,0,76,0,0,0,0
Mumbai,C0411,400022,17,19.057262,72.882195,,241.3758929,252.6042614,,,,0,15.4,24.9,14.3,2.1,0,0,0,0,0,0,0,0,0,0,0,0,0,0,42,43,43,41,0,0,0,0,0,0,0,0
,,,,,,avg,241.3758929,252.6042614,241.346648,239.5890756,274.7595109,279.5002632,248.7809399,295.5898438,273.10625,258.8857513,271.1282776,230.5956633,256.927551,274.2426396,254.9179293,264.0718274,286.0267003,274.1992443,39.6025,40.85,37.6725,39.1475,34.035,39.975,43.7675,42.0325,41.51,42.1425,40.79,41.08,43.4125,42.3475,35.0825,34.7425,35.3975,38.5325
